2026-07-24, 15:04:04, 22.8814239501, 22.7848052978, 22.8814239501, 22.8814239501, 23.0625000000, 23.1875000000, 23.0625000000, 22.7500000000, 24.9225559234, 24.3476352691, Fault 0x, 24.1785049438
2026-07-24, 15:04:06, 22.8814239501, 22.7848052978, 22.8814239501, 22.8814239501, 23.1250000000, 23.2500000000, 23.0625000000, 22.7500000000, 24.9225559234, 24.3476352691, Fault 0x, 24.2121696472
2026-07-24, 15:04:08, 22.8814239501, 22.7848052978, 22.8814239501, 22.8814239501, 23.0625000000, 23.1875000000, 23.0625000000, 22.7500000000, 24.9225559234, 24.3476352691, Fault 0x, 24.1785049438
2026-07-24, 15:04:09, 22.8814239501, 22.7848052978, 22.8814239501, 22.8814239501, 23.1250000000, 23.1875000000, 23.0625000000, 22.7500000000, 24.9225559234, 24.3476352691, Fault 0x, 24.1785049438
2026-07-24, 15:04:11, 22.8814239501, 22.7848052978, 22.8814239501, 22.8814239501, 23.0625000000, 23.1875000000, 23.0625000000, 22.7500000000, 24.9225559234, 24.3476352691, Fault 0x, 24.2121696472
2026-07-24, 15:04:13, 22.8814239501, 22.7848052978, 22.8814239501, 22.8814239501, 23.1250000000, 23.2500000000, 23.0625000000, 22.7500000000, 24.9564228057, 24.3476352691, Fault 0x, 24.2121696472
2026-07-24, 15:04:15, 22.8814239501, 22.7848052978, 22.8814239501, 22.8814239501, 23.1250000000, 23.2500000000, 23.0625000000, 22.7500000000, 24.9225559234, 24.3476352691, Fault 0x, 24.2460365295
2026-07-24, 15:04:17, 22.8814239501, 22.7848052978, 22.8814239501, 22.8814239501, 23.1250000000, 23.1875000000, 23.0625000000, 22.7500000000, 24.9225559234, 24.3476352691, Fault 0x, 24.2121696472
2026-07-24, 15:04:18, 22.9780578613, 22.7848052978, 22.8814239501, 22.8814239501, 23.1250000000, 23.2500000000, 23.0625000000, 22.7500000000, 24.9564228057, 24.3476352691, Fault 0x, 24.2121696472
2026-07-24, 15:04:20, 22.9780578613, 22.8814239501, 22.8814239501, 22.8814239501, 23.1250000000, 23.1875000000, 23.1250000000, 22.7500000000, 24.9564228057, 24.3476352691, Fault 0x, 24.2121696472
2026-07-24, 15:04:22, 22.9780578613, 22.8814239501, 22.8814239501, 22.8814239501, 23.1250000000, 23.2500000000, 23.0625000000, 22.7500000000, 24.9225559234, 24.3476352691, Fault 0x, 24.2460365295
2026-07-24, 15:04:24, 22.9780578613, 22.8814239501, 22.8814239501, 22.8814239501, 23.1250000000, 23.2500000000, 23.0625000000, 22.7500000000, 24.9225559234, 24.3812999725, Fault 0x, 24.2460365295
2026-07-24, 15:04:25, 22.9780578613, 22.8814239501, 22.8814239501, 22.8814239501, 23.1250000000, 23.2500000000, 23.0625000000, 22.7500000000, 24.9225559234, 24.3476352691, Fault 0x, 24.2460365295
2026-07-24, 15:04:27, 22.9780578613, 22.8814239501, 22.8814239501, 22.9780578613, 23.1875000000, 23.2500000000, 23.1250000000, 22.7500000000, 24.9564228057, 24.3812999725, Fault 0x, 24.2121696472
2026-07-24, 15:04:29, 22.9780578613, 22.8814239501, 22.8814239501, 22.8814239501, 23.1250000000, 23.2500000000, 23.1250000000, 22.7500000000, 24.9564228057, 24.3476352691, Fault 0x, 24.2121696472
2026-07-24, 15:04:31, 22.9780578613, 22.8814239501, 22.8814239501, 22.8814239501, 23.1250000000, 23.2500000000, 23.1250000000, 22.7500000000, 24.9564228057, 24.3476352691, Fault 0x, 24.2121696472
2026-07-24, 15:04:33, 22.9780578613, 22.8814239501, 22.8814239501, 22.8814239501, 23.1250000000, 23.2500000000, 23.0625000000, 22.8125000000, 24.9564228057, 24.3812999725, Fault 0x, 24.2121696472
2026-07-24, 15:04:34, 22.9780578613, 22.8814239501, 22.8814239501, 22.9780578613, 23.1250000000, 23.3125000000, 23.0625000000, 22.7500000000, 24.9564228057, 24.4151668548, Fault 0x, 24.2460365295
2026-07-24, 15:04:36, 22.9780578613, 22.8814239501, 22.9780578613, 22.9780578613, 23.1250000000, 23.3125000000, 23.1250000000, 22.7500000000, 24.9564228057, 24.4151668548, Fault 0x, 24.2460365295
2026-07-24, 15:04:38, 22.9780578613, 22.8814239501, 22.9780578613, 22.9780578613, 23.1875000000, 23.2500000000, 23.1250000000, 22.7500000000, 24.9900875091, 24.4151668548, Fault 0x, 24.2460365295
2026-07-24, 15:04:40, 22.9780578613, 22.8814239501, 22.9780578613, 22.9780578613, 23.1875000000, 23.3125000000, 23.1250000000, 22.7500000000, 24.9564228057, 24.3812999725, Fault 0x, 24.2460365295
2026-07-24, 15:04:41, 22.9780578613, 22.8814239501, 22.9780578613, 22.9780578613, 23.1250000000, 23.2500000000, 23.1250000000, 22.8125000000, 24.9900875091, 24.3812999725, Fault 0x, 24.2460365295
2026-07-24, 15:04:43, 22.9780578613, 22.8814239501, 22.9780578613, 22.9780578613, 23.1875000000, 23.2500000000, 23.1250000000, 22.7500000000, 24.9900875091, 24.4151668548, Fault 0x, 24.2799034118
2026-07-24, 15:04:45, 22.9780578613, 22.8814239501, 22.9780578613, 22.9780578613, 23.1875000000, 23.3125000000, 23.1250000000, 22.8125000000, 24.9900875091, 24.4151668548, Fault 0x, 24.2799034118
2026-07-24, 15:04:47, 22.9780578613, 22.8814239501, 22.9780578613, 22.9780578613, 23.1875000000, 23.3125000000, 23.1250000000, 22.8125000000, 24.9900875091, 24.4151668548, Fault 0x, 24.2460365295
2026-07-24, 15:04:49, 22.9780578613, 22.8814239501, 22.9780578613, 22.9780578613, 23.1250000000, 23.3125000000, 23.1250000000, 22.8125000000, 24.9900875091, 24.4151668548, Fault 0x, 24.2799034118
2026-07-24, 15:04:50, 22.9780578613, 22.8814239501, 22.9780578613, 22.9780578613, 23.1250000000, 23.3125000000, 23.1250000000, 22.8125000000, 24.9900875091, 24.4490337371, Fault 0x, 24.2799034118
2026-07-24, 15:04:52, 22.9780578613, 22.8814239501, 22.9780578613, 22.9780578613, 23.1875000000, 23.3125000000, 23.1875000000, 22.8125000000, 25.0239524841, 24.4490337371, Fault 0x, 24.2799034118
2026-07-24, 15:04:54, 23.0747222900, 22.8814239501, 22.9780578613, 22.9780578613, 23.1875000000, 23.3125000000, 23.1250000000, 22.8125000000, 24.9900875091, 24.4490337371, Fault 0x, 24.2799034118
2026-07-24, 15:04:56, 22.9780578613, 22.8814239501, 22.9780578613, 22.9780578613, 23.1875000000, 23.2500000000, 23.1250000000, 22.8125000000, 25.0239524841, 24.4151668548, Fault 0x, 24.2799034118
2026-07-24, 15:04:57, 22.9780578613, 22.8814239501, 22.9780578613, 22.9780578613, 23.1875000000, 23.3125000000, 23.1875000000, 22.8125000000, 25.0239524841, 24.4151668548, Fault 0x, 24.2799034118
2026-07-24, 15:04:59, 23.0747222900, 22.9780578613, 22.9780578613, 22.9780578613, 23.1875000000, 23.3125000000, 23.1875000000, 22.8125000000, 25.0239524841, 24.4828987121, Fault 0x, 24.3137702941
2026-07-24, 15:05:01, 23.0747222900, 22.8814239501, 22.9780578613, 22.9780578613, 23.1875000000, 23.3125000000, 23.1875000000, 22.8125000000, 25.0239524841, 24.4490337371, Fault 0x, 24.3137702941
2026-07-24, 15:05:03, 23.0747222900, 22.8814239501, 22.9780578613, 22.9780578613, 23.1875000000, 23.3125000000, 23.1250000000, 22.8125000000, 25.0239524841, 24.4828987121, Fault 0x, 24.3137702941
2026-07-24, 15:05:05, 23.0747222900, 22.9780578613, 22.9780578613, 22.9780578613, 23.1875000000, 23.3125000000, 23.1875000000, 22.8125000000, 25.0239524841, 24.4490337371, Fault 0x, 24.3137702941
2026-07-24, 15:05:06, 23.0747222900, 22.9780578613, 22.9780578613, 22.9780578613, 23.1875000000, 23.3125000000, 23.1875000000, 22.8750000000, 24.9900875091, 24.4828987121, Fault 0x, 24.3137702941
2026-07-24, 15:05:08, 23.0747222900, 22.9780578613, 22.9780578613, 22.9780578613, 23.1875000000, 23.2500000000, 23.1875000000, 22.8125000000, 25.0239524841, 24.4828987121, Fault 0x, 24.3137702941
2026-07-24, 15:05:10, 23.0747222900, 22.9780578613, 22.9780578613, 22.9780578613, 23.1875000000, 23.3125000000, 23.1875000000, 22.8750000000, 25.0239524841, 24.4828987121, Fault 0x, 24.3137702941
2026-07-24, 15:05:12, 23.0747222900, 22.9780578613, 22.9780578613, 22.9780578613, 23.1875000000, 23.3125000000, 23.1875000000, 22.8750000000, 25.0239524841, 24.4828987121, Fault 0x, 24.3137702941
2026-07-24, 15:05:13, 23.0747222900, 22.9780578613, 22.9780578613, 22.9780578613, 23.1875000000, 23.3125000000, 23.1875000000, 22.8750000000, 25.0239524841, 24.4490337371, Fault 0x, 24.3476352691
2026-07-24, 15:05:15, 23.0747222900, 22.9780578613, 22.9780578613, 22.9780578613, 23.1875000000, 23.3125000000, 23.1875000000, 22.8750000000, 25.0578193664, 24.4828987121, Fault 0x, 24.3476352691
2026-07-24, 15:05:17, 23.0747222900, 22.9780578613, 23.0747222900, 22.9780578613, 23.1875000000, 23.3750000000, 23.1875000000, 22.8750000000, 25.0578193664, 24.4828987121, Fault 0x, 24.3476352691
2026-07-24, 15:05:19, 23.0747222900, 22.9780578613, 23.0747222900, 22.9780578613, 23.2500000000, 23.3125000000, 23.1875000000, 22.8750000000, 25.0578193664, 24.4828987121, Fault 0x, 24.3476352691
2026-07-24, 15:05:21, 23.0747222900, 22.9780578613, 23.0747222900, 22.9780578613, 23.2500000000, 23.3125000000, 23.1875000000, 22.8750000000, 25.0239524841, 24.4828987121, Fault 0x, 24.3476352691
2026-07-24, 15:05:22, 23.0747222900, 22.9780578613, 23.0747222900, 23.0747222900, 23.1875000000, 23.3750000000, 23.1875000000, 22.8750000000, 25.0239524841, 24.5165634155, Fault 0x, 24.3476352691
2026-07-24, 15:05:24, 23.0747222900, 22.9780578613, 23.0747222900, 22.9780578613, 23.1875000000, 23.3125000000, 23.2500000000, 22.8750000000, 25.0578193664, 24.4828987121, Fault 0x, 24.3137702941
2026-07-24, 15:05:26, 23.0747222900, 22.9780578613, 23.0747222900, 23.0747222900, 23.1875000000, 23.3125000000, 23.1875000000, 22.8750000000, 25.0578193664, 24.5165634155, Fault 0x, 24.3476352691
2026-07-24, 15:05:28, 23.0747222900, 22.9780578613, 23.0747222900, 23.0747222900, 23.2500000000, 23.3125000000, 23.2500000000, 22.8750000000, 25.0239524841, 24.4828987121, Fault 0x, 24.3137702941
2026-07-24, 15:05:29, 23.0747222900, 22.9780578613, 23.0747222900, 23.0747222900, 23.1875000000, 23.3750000000, 23.1875000000, 22.8750000000, 25.0578193664, 24.4828987121, Fault 0x, 24.3476352691
2026-07-24, 15:05:31, 23.0747222900, 22.9780578613, 23.0747222900, 23.0747222900, 23.1875000000, 23.3125000000, 23.1875000000, 22.8750000000, 25.0578193664, 24.4828987121, Fault 0x, 24.3476352691
2026-07-24, 15:05:33, 23.0747222900, 22.9780578613, 23.0747222900, 23.0747222900, 23.2500000000, 23.3750000000, 23.1875000000, 22.8750000000, 25.0578193664, 24.4828987121, Fault 0x, 24.3476352691
2026-07-24, 15:05:35, 23.0747222900, 22.9780578613, 23.0747222900, 23.0747222900, 23.1875000000, 23.3125000000, 23.1875000000, 22.8750000000, 25.0578193664, 24.5165634155, Fault 0x, 24.3476352691
2026-07-24, 15:05:37, 23.0747222900, 22.9780578613, 23.0747222900, 23.0747222900, 23.2500000000, 23.3750000000, 23.1875000000, 22.8750000000, 25.0916862487, 24.5165634155, Fault 0x, 24.3476352691
2026-07-24, 15:05:38, 23.0747222900, 22.9780578613, 23.0747222900, 23.0747222900, 23.2500000000, 23.3750000000, 23.1875000000, 22.8750000000, 25.0916862487, 24.5165634155, Fault 0x, 24.3812999725
2026-07-24, 15:05:40, 23.0747222900, 22.9780578613, 23.0747222900, 23.0747222900, 23.2500000000, 23.3750000000, 23.2500000000, 22.9375000000, 25.0916862487, 24.5165634155, Fault 0x, 24.3812999725
2026-07-24, 15:05:42, 23.0747222900, 22.9780578613, 23.0747222900, 23.0747222900, 23.2500000000, 23.3125000000, 23.2500000000, 22.8750000000, 25.0916862487, 24.5165634155, Fault 0x, 24.3476352691
2026-07-24, 15:05:44, 23.0747222900, 22.9780578613, 23.0747222900, 23.0747222900, 23.3125000000, 23.3750000000, 23.1875000000, 22.9375000000, 25.0916862487, 24.5165634155, Fault 0x, 24.3476352691
2026-07-24, 15:05:45, 23.0747222900, 22.9780578613, 23.0747222900, 23.0747222900, 23.2500000000, 23.3750000000, 23.2500000000, 22.9375000000, 25.0916862487, 24.5165634155, Fault 0x, 24.3812999725
2026-07-24, 15:05:47, 23.0747222900, 22.9780578613, 23.0747222900, 23.0747222900, 23.2500000000, 23.3750000000, 23.2500000000, 22.9375000000, 25.0916862487, 24.5165634155, Fault 0x, 24.3476352691
2026-07-24, 15:05:49, 23.0747222900, 22.9780578613, 23.0747222900, 23.0747222900, 23.2500000000, 23.3750000000, 23.2500000000, 22.8750000000, 25.0916862487, 24.5165634155, Fault 0x, 24.3812999725
2026-07-24, 15:05:51, 23.0747222900, 22.9780578613, 23.0747222900, 23.0747222900, 23.2500000000, 23.4375000000, 23.3125000000, 22.9375000000, 25.1255512237, 24.5165634155, Fault 0x, 24.3476352691
2026-07-24, 15:05:53, 23.1714477539, 22.9780578613, 23.0747222900, 23.0747222900, 23.2500000000, 23.3750000000, 23.2500000000, 22.8750000000, 25.0916862487, 24.5165634155, Fault 0x, 24.3476352691
2026-07-24, 15:05:54, 23.1714477539, 23.0747222900, 23.0747222900, 23.0747222900, 23.2500000000, 23.3750000000, 23.2500000000, 22.9375000000, 25.1255512237, 24.5504302978, Fault 0x, 24.3812999725
2026-07-24, 15:05:56, 23.1714477539, 22.9780578613, 23.0747222900, 23.0747222900, 23.2500000000, 23.3750000000, 23.2500000000, 22.9375000000, 25.1255512237, 24.5504302978, Fault 0x, 24.3812999725
2026-07-24, 15:05:58, 23.1714477539, 22.9780578613, 23.0747222900, 23.0747222900, 23.2500000000, 23.3750000000, 23.2500000000, 22.9375000000, 25.1255512237, 24.5504302978, Fault 0x, 24.3812999725
2026-07-24, 15:06:00, 23.1714477539, 22.9780578613, 23.0747222900, 23.0747222900, 23.3125000000, 23.3750000000, 23.2500000000, 22.9375000000, 25.0916862487, 24.5165634155, Fault 0x, 24.3812999725
2026-07-24, 15:06:01, 23.1714477539, 23.0747222900, 23.0747222900, 23.0747222900, 23.3125000000, 23.3750000000, 23.2500000000, 22.9375000000, 25.1255512237, 24.5504302978, Fault 0x, 24.3812999725
2026-07-24, 15:06:03, 23.1714477539, 23.0747222900, 23.1714477539, 23.0747222900, 23.2500000000, 23.3750000000, 23.2500000000, 22.9375000000, 25.1255512237, 24.5504302978, Fault 0x, 24.3812999725
2026-07-24, 15:06:05, 23.1714477539, 23.0747222900, 23.1714477539, 23.0747222900, 23.3125000000, 23.4375000000, 23.2500000000, 22.9375000000, 25.1255512237, 24.5504302978, Fault 0x, 24.3812999725
2026-07-24, 15:06:07, 23.1714477539, 23.0747222900, 23.1714477539, 23.0747222900, 23.3125000000, 23.3750000000, 23.3125000000, 22.9375000000, 25.1255512237, 24.5504302978, Fault 0x, 24.4151668548
2026-07-24, 15:06:08, 23.1714477539, 23.0747222900, 23.1714477539, 23.0747222900, 23.3125000000, 23.3750000000, 23.2500000000, 22.9375000000, 25.1594181060, 24.5504302978, Fault 0x, 24.3812999725
2026-07-24, 15:06:10, 23.1714477539, 23.0747222900, 23.1714477539, 23.0747222900, 23.3125000000, 23.3750000000, 23.3125000000, 22.9375000000, 25.1255512237, 24.5504302978, Fault 0x, 24.4151668548
2026-07-24, 15:06:12, 23.1714477539, 23.0747222900, 23.1714477539, 23.1714477539, 23.2500000000, 23.4375000000, 23.2500000000, 22.9375000000, 25.1255512237, 24.5842971801, Fault 0x, 24.4151668548
2026-07-24, 15:06:14, 23.1714477539, 23.0747222900, 23.1714477539, 23.0747222900, 23.3125000000, 23.4375000000, 23.3125000000, 23.0000000000, 25.1255512237, 24.5504302978, Fault 0x, 24.4151668548
2026-07-24, 15:06:16, 23.1714477539, 23.0747222900, 23.1714477539, 23.1714477539, 23.3125000000, 23.4375000000, 23.3125000000, 22.9375000000, 25.1594181060, 24.5504302978, Fault 0x, 24.4151668548
2026-07-24, 15:06:17, 23.1714477539, 23.0747222900, 23.1714477539, 23.1714477539, 23.3125000000, 23.4375000000, 23.2500000000, 22.9375000000, 25.1594181060, 24.5842971801, Fault 0x, 24.4490337371
2026-07-24, 15:06:19, 23.1714477539, 23.0747222900, 23.1714477539, 23.1714477539, 23.3125000000, 23.5000000000, 23.2500000000, 23.0000000000, 25.1594181060, 24.5842971801, Fault 0x, 24.4151668548
2026-07-24, 15:06:21, 23.1714477539, 23.0747222900, 23.1714477539, 23.1714477539, 23.3125000000, 23.4375000000, 23.3125000000, 23.0000000000, 25.1594181060, 24.5842971801, Fault 0x, 24.4151668548
2026-07-24, 15:06:23, 23.1714477539, 23.0747222900, 23.1714477539, 23.1714477539, 23.3125000000, 23.4375000000, 23.3125000000, 23.0000000000, 25.1594181060, 24.6181621551, Fault 0x, 24.4490337371
2026-07-24, 15:06:24, 23.1714477539, 23.0747222900, 23.1714477539, 23.1714477539, 23.3125000000, 23.5000000000, 23.2500000000, 23.0000000000, 25.1594181060, 24.5842971801, Fault 0x, 24.4151668548
2026-07-24, 15:06:26, 23.1714477539, 23.0747222900, 23.1714477539, 23.1714477539, 23.3125000000, 23.5000000000, 23.3125000000, 23.0000000000, 25.1594181060, 24.6181621551, Fault 0x, 24.4490337371
2026-07-24, 15:06:28, 23.1714477539, 23.0747222900, 23.1714477539, 23.1714477539, 23.3125000000, 23.4375000000, 23.3125000000, 23.0000000000, 25.1930828094, 24.6181621551, Fault 0x, 24.4151668548
2026-07-24, 15:06:30, 23.1714477539, 23.0747222900, 23.1714477539, 23.1714477539, 23.2500000000, 23.4375000000, 23.3125000000, 23.0000000000, 25.1594181060, 24.6181621551, Fault 0x, 24.4490337371
2026-07-24, 15:06:32, 23.1714477539, 23.0747222900, 23.1714477539, 23.1714477539, 23.3125000000, 23.5000000000, 23.3125000000, 23.0000000000, 25.1594181060, 24.5842971801, Fault 0x, 24.4490337371
2026-07-24, 15:06:33, 23.1714477539, 23.0747222900, 23.1714477539, 23.1714477539, 23.3125000000, 23.4375000000, 23.3125000000, 23.0000000000, 25.1594181060, 24.6181621551, Fault 0x, 24.4490337371
2026-07-24, 15:06:35, 23.1714477539, 23.0747222900, 23.1714477539, 23.1714477539, 23.3750000000, 23.5000000000, 23.3125000000, 23.0000000000, 25.1930828094, 24.5842971801, Fault 0x, 24.4490337371
2026-07-24, 15:06:37, 23.1714477539, 23.0747222900, 23.1714477539, 23.1714477539, 23.3125000000, 23.4375000000, 23.3125000000, 23.0000000000, 25.1930828094, 24.6181621551, Fault 0x, 24.4490337371
2026-07-24, 15:06:39, 23.1714477539, 23.0747222900, 23.1714477539, 23.1714477539, 23.3750000000, 23.4375000000, 23.3125000000, 23.0000000000, 25.1930828094, 24.6181621551, Fault 0x, 24.4490337371
2026-07-24, 15:06:40, 23.2682189941, 23.0747222900, 23.1714477539, 23.1714477539, 23.3750000000, 23.4375000000, 23.3125000000, 23.0000000000, 25.2269496917, 24.6520290374, Fault 0x, 24.4828987121
2026-07-24, 15:06:42, 23.2682189941, 23.0747222900, 23.1714477539, 23.1714477539, 23.3750000000, 23.4375000000, 23.3125000000, 23.0000000000, 25.2269496917, 24.6181621551, Fault 0x, 24.4490337371
2026-07-24, 15:06:44, 23.2682189941, 23.0747222900, 23.1714477539, 23.1714477539, 23.3750000000, 23.5000000000, 23.3750000000, 23.0000000000, 25.1930828094, 24.6520290374, Fault 0x, 24.4828987121
2026-07-24, 15:06:46, 23.2682189941, 23.1714477539, 23.1714477539, 23.1714477539, 23.3750000000, 23.5000000000, 23.3125000000, 23.0000000000, 25.1930828094, 24.6520290374, Fault 0x, 24.4828987121
2026-07-24, 15:06:48, 23.2682189941, 23.1714477539, 23.1714477539, 23.1714477539, 23.3750000000, 23.5000000000, 23.3125000000, 23.0000000000, 25.2269496917, 24.6520290374, Fault 0x, 24.4490337371
2026-07-24, 15:06:49, 23.2682189941, 23.1714477539, 23.2682189941, 23.1714477539, 23.3750000000, 23.5000000000, 23.3125000000, 23.0000000000, 25.2269496917, 24.6520290374, Fault 0x, 24.4828987121
2026-07-24, 15:06:51, 23.2682189941, 23.1714477539, 23.1714477539, 23.1714477539, 23.3750000000, 23.5000000000, 23.3125000000, 23.0000000000, 25.2608165740, 24.6520290374, Fault 0x, 24.4490337371
2026-07-24, 15:06:53, 23.2682189941, 23.1714477539, 23.1714477539, 23.2682189941, 23.3750000000, 23.5000000000, 23.3125000000, 23.0000000000, 25.2269496917, 24.6181621551, Fault 0x, 24.4828987121
2026-07-24, 15:06:55, 23.2682189941, 23.1714477539, 23.2682189941, 23.1714477539, 23.3750000000, 23.5000000000, 23.3125000000, 23.0625000000, 25.2269496917, 24.6520290374, Fault 0x, 24.4828987121
2026-07-24, 15:06:56, 23.2682189941, 23.1714477539, 23.2682189941, 23.1714477539, 23.3750000000, 23.5000000000, 23.3750000000, 23.0625000000, 25.2269496917, 24.6520290374, Fault 0x, 24.4828987121
2026-07-24, 15:06:58, 23.2682189941, 23.1714477539, 23.2682189941, 23.2682189941, 23.3750000000, 23.5625000000, 23.3750000000, 23.0625000000, 25.2269496917, 24.6520290374, Fault 0x, 24.5165634155
2026-07-24, 15:07:00, 23.2682189941, 23.1714477539, 23.1714477539, 23.1714477539, 23.3750000000, 23.5000000000, 23.3750000000, 23.0000000000, 25.2269496917, 24.6520290374, Fault 0x, 24.4828987121
2026-07-24, 15:07:02, 23.2682189941, 23.1714477539, 23.2682189941, 23.2682189941, 23.3750000000, 23.5625000000, 23.3750000000, 23.0000000000, 25.2269496917, 24.6520290374, Fault 0x, 24.4828987121
2026-07-24, 15:07:04, 23.2682189941, 23.1714477539, 23.2682189941, 23.2682189941, 23.3750000000, 23.5000000000, 23.3750000000, 23.0000000000, 25.2269496917, 24.6856937408, Fault 0x, 24.4828987121
2026-07-24, 15:07:05, 23.2682189941, 23.1714477539, 23.2682189941, 23.2682189941, 23.3750000000, 23.5000000000, 23.3750000000, 23.0625000000, 25.2269496917, 24.6520290374, Fault 0x, 24.4828987121
2026-07-24, 15:07:07, 23.2682189941, 23.1714477539, 23.2682189941, 23.2682189941, 23.3750000000, 23.5000000000, 23.3750000000, 23.0625000000, 25.2608165740, 24.6520290374, Fault 0x, 24.4828987121
2026-07-24, 15:07:09, 23.2682189941, 23.1714477539, 23.2682189941, 23.2682189941, 23.4375000000, 23.5000000000, 23.3125000000, 23.0625000000, 25.2269496917, 24.6520290374, Fault 0x, 24.5165634155
2026-07-24, 15:07:11, 23.2682189941, 23.1714477539, 23.2682189941, 23.2682189941, 23.3750000000, 23.5000000000, 23.3750000000, 23.0625000000, 25.2269496917, 24.6520290374, Fault 0x, 24.5165634155
2026-07-24, 15:07:12, 23.2682189941, 23.1714477539, 23.2682189941, 23.2682189941, 23.3750000000, 23.5625000000, 23.3750000000, 23.0625000000, 25.2269496917, 24.6520290374, Fault 0x, 24.5165634155
2026-07-24, 15:07:14, 23.2682189941, 23.1714477539, 23.2682189941, 23.2682189941, 23.3750000000, 23.5000000000, 23.3750000000, 23.0625000000, 25.2269496917, 24.6520290374, Fault 0x, 24.4828987121
2026-07-24, 15:07:16, 23.2682189941, 23.1714477539, 23.2682189941, 23.2682189941, 23.4375000000, 23.5625000000, 23.3750000000, 23.0625000000, 25.2269496917, 24.6856937408, Fault 0x, 24.4828987121
2026-07-24, 15:07:18, 23.2682189941, 23.1714477539, 23.2682189941, 23.2682189941, 23.3750000000, 23.5625000000, 23.3750000000, 23.0625000000, 25.2269496917, 24.6856937408, Fault 0x, 24.4828987121
2026-07-24, 15:07:20, 23.2682189941, 23.1714477539, 23.2682189941, 23.2682189941, 23.3750000000, 23.5625000000, 23.3750000000, 23.0625000000, 25.1930828094, 24.6856937408, Fault 0x, 24.5165634155
2026-07-24, 15:07:21, 23.2682189941, 23.1714477539, 23.2682189941, 23.2682189941, 23.4375000000, 23.5000000000, 23.4375000000, 23.0625000000, 25.2269496917, 24.6520290374, Fault 0x, 24.5165634155
2026-07-24, 15:07:23, 23.2682189941, 23.1714477539, 23.2682189941, 23.2682189941, 23.4375000000, 23.5625000000, 23.4375000000, 23.0625000000, 25.2269496917, 24.6520290374, Fault 0x, 24.5165634155
2026-07-24, 15:07:25, 23.2682189941, 23.1714477539, 23.2682189941, 23.2682189941, 23.4375000000, 23.5625000000, 23.3750000000, 23.0625000000, 25.2269496917, 24.6520290374, Fault 0x, 24.4828987121
2026-07-24, 15:07:27, 23.2682189941, 23.1714477539, 23.2682189941, 23.2682189941, 23.4375000000, 23.5000000000, 23.3750000000, 23.0625000000, 25.2269496917, 24.6520290374, Fault 0x, 24.5165634155
2026-07-24, 15:07:28, 23.2682189941, 23.1714477539, 23.2682189941, 23.2682189941, 23.4375000000, 23.5625000000, 23.4375000000, 23.0625000000, 25.2269496917, 24.6520290374, Fault 0x, 24.5165634155
2026-07-24, 15:07:30, 23.2682189941, 23.1714477539, 23.2682189941, 23.2682189941, 23.4375000000, 23.5625000000, 23.3750000000, 23.0625000000, 25.1930828094, 24.6520290374, Fault 0x, 24.5165634155
2026-07-24, 15:07:32, 23.2682189941, 23.1714477539, 23.2682189941, 23.2682189941, 23.4375000000, 23.5625000000, 23.4375000000, 23.0625000000, 25.2269496917, 24.6520290374, Fault 0x, 24.4828987121
2026-07-24, 15:07:34, 23.2682189941, 23.1714477539, 23.2682189941, 23.2682189941, 23.4375000000, 23.5625000000, 23.3750000000, 23.0625000000, 25.2269496917, 24.6520290374, Fault 0x, 24.5165634155
2026-07-24, 15:07:36, 23.2682189941, 23.1714477539, 23.2682189941, 23.2682189941, 23.4375000000, 23.5625000000, 23.3750000000, 23.0625000000, 25.2269496917, 24.6856937408, Fault 0x, 24.4828987121
2026-07-24, 15:07:37, 23.2682189941, 23.1714477539, 23.2682189941, 23.2682189941, 23.4375000000, 23.5625000000, 23.3750000000, 23.0625000000, 25.1930828094, 24.6181621551, Fault 0x, 24.4828987121
2026-07-24, 15:07:39, 23.2682189941, 23.1714477539, 23.2682189941, 23.2682189941, 23.4375000000, 23.5000000000, 23.3750000000, 23.0625000000, 25.2269496917, 24.6181621551, Fault 0x, 24.4828987121
2026-07-24, 15:07:41, 23.2682189941, 23.1714477539, 23.2682189941, 23.2682189941, 23.4375000000, 23.5625000000, 23.3750000000, 23.0625000000, 25.2269496917, 24.6181621551, Fault 0x, 24.4828987121
2026-07-24, 15:07:43, 23.2682189941, 23.1714477539, 23.2682189941, 23.2682189941, 23.4375000000, 23.5625000000, 23.3750000000, 23.0625000000, 25.2608165740, 24.6181621551, Fault 0x, 24.4828987121
2026-07-24, 15:07:44, 23.2682189941, 23.1714477539, 23.2682189941, 23.2682189941, 23.4375000000, 23.5625000000, 23.3750000000, 23.0625000000, 25.2608165740, 24.6520290374, Fault 0x, 24.4828987121
2026-07-24, 15:07:46, 23.2682189941, 23.1714477539, 23.2682189941, 23.2682189941, 23.4375000000, 23.5000000000, 23.3750000000, 23.0625000000, 25.2608165740, 24.5842971801, Fault 0x, 24.4828987121
2026-07-24, 15:07:48, 23.2682189941, 23.1714477539, 23.2682189941, 23.2682189941, 23.3750000000, 23.5625000000, 23.3750000000, 23.0625000000, 25.2269496917, 24.6520290374, Fault 0x, 24.4490337371
2026-07-24, 15:07:50, 23.2682189941, 23.1714477539, 23.2682189941, 23.2682189941, 23.5000000000, 23.5625000000, 23.4375000000, 23.0625000000, 25.2608165740, 24.6181621551, Fault 0x, 24.4828987121
2026-07-24, 15:07:52, 23.2682189941, 23.1714477539, 23.2682189941, 23.2682189941, 23.4375000000, 23.5625000000, 23.3750000000, 23.0625000000, 25.2269496917, 24.6520290374, Fault 0x, 24.4828987121
2026-07-24, 15:07:53, 23.2682189941, 23.1714477539, 23.2682189941, 23.2682189941, 23.4375000000, 23.5625000000, 23.3750000000, 23.0625000000, 25.2269496917, 24.6181621551, Fault 0x, 24.4490337371
2026-07-24, 15:07:55, 23.2682189941, 23.1714477539, 23.2682189941, 23.2682189941, 23.4375000000, 23.5625000000, 23.3750000000, 23.0625000000, 25.2269496917, 24.6181621551, Fault 0x, 24.4490337371
2026-07-24, 15:07:57, 23.2682189941, 23.1714477539, 23.2682189941, 23.2682189941, 23.4375000000, 23.5000000000, 23.3750000000, 23.0625000000, 25.2269496917, 24.6181621551, Fault 0x, 24.4490337371
2026-07-24, 15:07:59, 23.2682189941, 23.1714477539, 23.2682189941, 23.2682189941, 23.4375000000, 23.5625000000, 23.3750000000, 23.0625000000, 25.2269496917, 24.5842971801, Fault 0x, 24.4490337371
2026-07-24, 15:08:00, 23.2682189941, 23.1714477539, 23.2682189941, 23.2682189941, 23.4375000000, 23.5625000000, 23.3750000000, 23.0625000000, 25.1930828094, 24.5842971801, Fault 0x, 24.4490337371
2026-07-24, 15:08:02, 23.2682189941, 23.1714477539, 23.2682189941, 23.2682189941, 23.4375000000, 23.5625000000, 23.3750000000, 23.0625000000, 25.2269496917, 24.5842971801, Fault 0x, 24.4490337371
2026-07-24, 15:08:04, 23.2682189941, 23.1714477539, 23.2682189941, 23.2682189941, 23.4375000000, 23.5000000000, 23.3750000000, 23.0625000000, 25.2269496917, 24.5504302978, Fault 0x, 24.4828987121
2026-07-24, 15:08:06, 23.2682189941, 23.1714477539, 23.2682189941, 23.2682189941, 23.4375000000, 23.5000000000, 23.3750000000, 23.0625000000, 25.2269496917, 24.5842971801, Fault 0x, 24.4151668548
2026-07-24, 15:08:08, 23.2682189941, 23.1714477539, 23.2682189941, 23.2682189941, 23.5000000000, 23.5625000000, 23.3750000000, 23.1250000000, 25.2269496917, 24.5842971801, Fault 0x, 24.4490337371
2026-07-24, 15:08:09, 23.2682189941, 23.1714477539, 23.2682189941, 23.2682189941, 23.5000000000, 23.5625000000, 23.3750000000, 23.0625000000, 25.1930828094, 24.5504302978, Fault 0x, 24.4151668548
2026-07-24, 15:08:11, 23.2682189941, 23.1714477539, 23.2682189941, 23.2682189941, 23.4375000000, 23.5000000000, 23.3750000000, 23.0625000000, 25.1930828094, 24.5842971801, Fault 0x, 24.4151668548
2026-07-24, 15:08:13, 23.2682189941, 23.1714477539, 23.2682189941, 23.1714477539, 23.4375000000, 23.5625000000, 23.3125000000, 23.0625000000, 25.2269496917, 24.5842971801, Fault 0x, 24.4151668548
2026-07-24, 15:08:15, 23.2682189941, 23.1714477539, 23.2682189941, 23.1714477539, 23.4375000000, 23.5625000000, 23.3750000000, 23.0625000000, 25.2269496917, 24.5842971801, Fault 0x, 24.4151668548
2026-07-24, 15:08:16, 23.2682189941, 23.1714477539, 23.2682189941, 23.1714477539, 23.4375000000, 23.5000000000, 23.3750000000, 23.0625000000, 25.1930828094, 24.5504302978, Fault 0x, 24.4151668548
2026-07-24, 15:08:18, 23.2682189941, 23.1714477539, 23.2682189941, 23.1714477539, 23.4375000000, 23.5000000000, 23.3750000000, 23.0625000000, 25.2269496917, 24.5504302978, Fault 0x, 24.3812999725
2026-07-24, 15:08:20, 23.2682189941, 23.1714477539, 23.2682189941, 23.2682189941, 23.4375000000, 23.5625000000, 23.3750000000, 23.0625000000, 25.2269496917, 24.5504302978, Fault 0x, 24.3812999725
2026-07-24, 15:08:22, 23.2682189941, 23.1714477539, 23.2682189941, 23.1714477539, 23.4375000000, 23.5000000000, 23.3125000000, 23.0625000000, 25.1930828094, 24.5504302978, Fault 0x, 24.3812999725
2026-07-24, 15:08:23, 23.2682189941, 23.1714477539, 23.2682189941, 23.1714477539, 23.5000000000, 23.5625000000, 23.3750000000, 23.0625000000, 25.1930828094, 24.5504302978, Fault 0x, 24.4151668548
2026-07-24, 15:08:25, 23.2682189941, 23.1714477539, 23.2682189941, 23.1714477539, 23.4375000000, 23.5625000000, 23.3750000000, 23.0625000000, 25.1930828094, 24.5504302978, Fault 0x, 24.3812999725
2026-07-24, 15:08:27, 23.2682189941, 23.0747222900, 23.2682189941, 23.1714477539, 23.4375000000, 23.5000000000, 23.3750000000, 23.0625000000, 25.1930828094, 24.5504302978, Fault 0x, 24.3812999725
2026-07-24, 15:08:29, 23.2682189941, 23.1714477539, 23.2682189941, 23.1714477539, 23.4375000000, 23.5625000000, 23.3750000000, 23.0625000000, 25.1930828094, 24.5842971801, Fault 0x, 24.3812999725
2026-07-24, 15:08:31, 23.2682189941, 23.1714477539, 23.2682189941, 23.1714477539, 23.4375000000, 23.5000000000, 23.3750000000, 23.0625000000, 25.1930828094, 24.5165634155, Fault 0x, 24.3476352691
2026-07-24, 15:08:32, 23.2682189941, 23.1714477539, 23.2682189941, 23.1714477539, 23.4375000000, 23.5000000000, 23.3750000000, 23.0625000000, 25.1930828094, 24.5504302978, Fault 0x, 24.3476352691
2026-07-24, 15:08:34, 23.2682189941, 23.0747222900, 23.2682189941, 23.1714477539, 23.4375000000, 23.5000000000, 23.3750000000, 23.0625000000, 25.1594181060, 24.5165634155, Fault 0x, 24.3476352691
2026-07-24, 15:08:36, 23.2682189941, 23.0747222900, 23.2682189941, 23.1714477539, 23.4375000000, 23.5000000000, 23.3750000000, 23.0625000000, 25.1930828094, 24.5165634155, Fault 0x, 24.3812999725
2026-07-24, 15:08:38, 23.2682189941, 23.0747222900, 23.2682189941, 23.1714477539, 23.3750000000, 23.5000000000, 23.3750000000, 23.0625000000, 25.1930828094, 24.5504302978, Fault 0x, 24.3476352691
2026-07-24, 15:08:39, 23.2682189941, 23.0747222900, 23.2682189941, 23.1714477539, 23.4375000000, 23.5000000000, 23.3750000000, 23.0625000000, 25.1930828094, 24.5504302978, Fault 0x, 24.3476352691
2026-07-24, 15:08:41, 23.2682189941, 23.0747222900, 23.2682189941, 23.1714477539, 23.3750000000, 23.5625000000, 23.3750000000, 23.0625000000, 25.1930828094, 24.5165634155, Fault 0x, 24.3476352691
2026-07-24, 15:08:43, 23.2682189941, 23.0747222900, 23.2682189941, 23.1714477539, 23.5000000000, 23.5000000000, 23.4375000000, 23.0625000000, 25.1930828094, 24.5504302978, Fault 0x, 24.3476352691
2026-07-24, 15:08:45, 23.2682189941, 23.0747222900, 23.2682189941, 23.1714477539, 23.4375000000, 23.5000000000, 23.3750000000, 23.0625000000, 25.1930828094, 24.5165634155, Fault 0x, 24.3476352691
2026-07-24, 15:08:47, 23.2682189941, 23.0747222900, 23.2682189941, 23.1714477539, 23.5000000000, 23.5625000000, 23.3750000000, 23.0625000000, 25.1594181060, 24.5165634155, Fault 0x, 24.3476352691
2026-07-24, 15:08:48, 23.1714477539, 23.0747222900, 23.2682189941, 23.1714477539, 23.4375000000, 23.5625000000, 23.3750000000, 23.0625000000, 25.1930828094, 24.5165634155, Fault 0x, 24.3476352691
2026-07-24, 15:08:50, 23.1714477539, 23.0747222900, 23.2682189941, 23.1714477539, 23.4375000000, 23.5000000000, 23.3750000000, 23.0625000000, 25.1930828094, 24.5165634155, Fault 0x, 24.3476352691
2026-07-24, 15:08:52, 23.1714477539, 23.0747222900, 23.2682189941, 23.1714477539, 23.4375000000, 23.5000000000, 23.3750000000, 23.0625000000, 25.1930828094, 24.5165634155, Fault 0x, 24.3476352691
2026-07-24, 15:08:54, 23.1714477539, 23.0747222900, 23.2682189941, 23.1714477539, 23.5000000000, 23.5000000000, 23.3750000000, 23.0625000000, 25.1930828094, 24.5165634155, Fault 0x, 24.3476352691
2026-07-24, 15:08:55, 23.1714477539, 23.0747222900, 23.2682189941, 23.1714477539, 23.5000000000, 23.5000000000, 23.3750000000, 23.0625000000, 25.1930828094, 24.5165634155, Fault 0x, 24.3476352691
2026-07-24, 15:08:57, 23.2682189941, 23.0747222900, 23.2682189941, 23.1714477539, 23.5000000000, 23.5000000000, 23.4375000000, 23.0625000000, 25.1930828094, 24.4828987121, Fault 0x, 24.3476352691
2026-07-24, 15:08:59, 23.1714477539, 23.0747222900, 23.2682189941, 23.1714477539, 23.3750000000, 23.5000000000, 23.3750000000, 23.0625000000, 25.1930828094, 24.5165634155, Fault 0x, 24.3137702941
2026-07-24, 15:09:01, 23.1714477539, 23.0747222900, 23.2682189941, 23.1714477539, 23.4375000000, 23.5625000000, 23.3750000000, 23.0625000000, 25.2269496917, 24.4828987121, Fault 0x, 24.3137702941
2026-07-24, 15:09:03, 23.1714477539, 23.0747222900, 23.2682189941, 23.1714477539, 23.4375000000, 23.5000000000, 23.4375000000, 23.0625000000, 25.1930828094, 24.4828987121, Fault 0x, 24.3137702941
2026-07-24, 15:09:04, 23.1714477539, 23.0747222900, 23.1714477539, 23.1714477539, 23.4375000000, 23.5000000000, 23.3750000000, 23.0625000000, 25.2269496917, 24.5165634155, Fault 0x, 24.3476352691
2026-07-24, 15:09:06, 23.1714477539, 23.0747222900, 23.1714477539, 23.1714477539, 23.4375000000, 23.5000000000, 23.3750000000, 23.0625000000, 25.1930828094, 24.5165634155, Fault 0x, 24.3476352691
2026-07-24, 15:09:08, 23.1714477539, 23.0747222900, 23.1714477539, 23.1714477539, 23.4375000000, 23.5000000000, 23.3750000000, 23.0625000000, 25.1930828094, 24.4828987121, Fault 0x, 24.3476352691
2026-07-24, 15:09:10, 23.1714477539, 23.0747222900, 23.1714477539, 23.1714477539, 23.4375000000, 23.5000000000, 23.3750000000, 23.0625000000, 25.1594181060, 24.4828987121, Fault 0x, 24.3137702941
2026-07-24, 15:09:11, 23.1714477539, 23.0747222900, 23.1714477539, 23.1714477539, 23.4375000000, 23.5000000000, 23.3750000000, 23.0625000000, 25.1594181060, 24.4828987121, Fault 0x, 24.3137702941
2026-07-24, 15:09:13, 23.1714477539, 23.0747222900, 23.1714477539, 23.1714477539, 23.4375000000, 23.5625000000, 23.3750000000, 23.0625000000, 25.1594181060, 24.4828987121, Fault 0x, 24.3137702941
2026-07-24, 15:09:15, 23.1714477539, 23.0747222900, 23.1714477539, 23.1714477539, 23.4375000000, 23.5000000000, 23.3750000000, 23.0625000000, 25.1594181060, 24.4828987121, Fault 0x, 24.3137702941
2026-07-24, 15:09:17, 23.1714477539, 23.0747222900, 23.1714477539, 23.1714477539, 23.4375000000, 23.5000000000, 23.3750000000, 23.0625000000, 25.1930828094, 24.4828987121, Fault 0x, 24.3137702941
2026-07-24, 15:09:19, 23.1714477539, 23.0747222900, 23.1714477539, 23.1714477539, 23.4375000000, 23.4375000000, 23.3750000000, 23.0625000000, 25.1594181060, 24.4828987121, Fault 0x, 24.2799034118
2026-07-24, 15:09:20, 23.1714477539, 23.0747222900, 23.1714477539, 23.1714477539, 23.4375000000, 23.5000000000, 23.3750000000, 23.0625000000, 25.1255512237, 24.4828987121, Fault 0x, 24.3137702941
2026-07-24, 15:09:22, 23.1714477539, 23.0747222900, 23.1714477539, 23.1714477539, 23.4375000000, 23.5000000000, 23.3750000000, 23.0625000000, 25.1594181060, 24.4490337371, Fault 0x, 24.2799034118
2026-07-24, 15:09:24, 23.1714477539, 23.0747222900, 23.1714477539, 23.1714477539, 23.4375000000, 23.5000000000, 23.3750000000, 23.0625000000, 25.1594181060, 24.4828987121, Fault 0x, 24.2799034118
2026-07-24, 15:09:26, 23.1714477539, 23.0747222900, 23.1714477539, 23.1714477539, 23.4375000000, 23.4375000000, 23.3125000000, 23.0625000000, 25.1594181060, 24.4490337371, Fault 0x, 24.2799034118
2026-07-24, 15:09:27, 23.1714477539, 23.0747222900, 23.1714477539, 23.1714477539, 23.4375000000, 23.5000000000, 23.3750000000, 23.0625000000, 25.1594181060, 24.4828987121, Fault 0x, 24.2799034118
2026-07-24, 15:09:29, 23.1714477539, 23.0747222900, 23.1714477539, 23.1714477539, 23.4375000000, 23.5000000000, 23.3750000000, 23.0625000000, 25.1255512237, 24.4490337371, Fault 0x, 24.2799034118
2026-07-24, 15:09:31, 23.1714477539, 23.0747222900, 23.1714477539, 23.1714477539, 23.4375000000, 23.5000000000, 23.3750000000, 23.0625000000, 25.1255512237, 24.4490337371, Fault 0x, 24.2799034118
2026-07-24, 15:09:33, 23.1714477539, 23.0747222900, 23.1714477539, 23.1714477539, 23.3750000000, 23.4375000000, 23.3125000000, 23.0625000000, 25.1255512237, 24.4490337371, Fault 0x, 24.2460365295
2026-07-24, 15:09:35, 23.1714477539, 23.0747222900, 23.1714477539, 23.1714477539, 23.4375000000, 23.5000000000, 23.3125000000, 23.0000000000, 25.1255512237, 24.4490337371, Fault 0x, 24.2799034118
2026-07-24, 15:09:36, 23.1714477539, 23.0747222900, 23.1714477539, 23.1714477539, 23.4375000000, 23.5000000000, 23.3750000000, 23.0625000000, 25.1255512237, 24.4151668548, Fault 0x, 24.2799034118
2026-07-24, 15:09:38, 23.1714477539, 23.0747222900, 23.1714477539, 23.1714477539, 23.4375000000, 23.4375000000, 23.3125000000, 23.0625000000, 25.1255512237, 24.4151668548, Fault 0x, 24.3137702941
2026-07-24, 15:09:40, 23.1714477539, 23.0747222900, 23.1714477539, 23.1714477539, 23.4375000000, 23.4375000000, 23.3125000000, 23.0625000000, 25.1255512237, 24.4490337371, Fault 0x, 24.2799034118
2026-07-24, 15:09:42, 23.1714477539, 23.0747222900, 23.1714477539, 23.1714477539, 23.3750000000, 23.4375000000, 23.3750000000, 23.0000000000, 25.1594181060, 24.4490337371, Fault 0x, 24.2799034118
2026-07-24, 15:09:43, 23.1714477539, 23.0747222900, 23.1714477539, 23.1714477539, 23.3750000000, 23.4375000000, 23.3125000000, 23.0625000000, 25.1255512237, 24.4490337371, Fault 0x, 24.2460365295
2026-07-24, 15:09:45, 23.1714477539, 23.0747222900, 23.1714477539, 23.1714477539, 23.4375000000, 23.5000000000, 23.3750000000, 23.0625000000, 25.1594181060, 24.4490337371, Fault 0x, 24.2799034118
2026-07-24, 15:09:47, 23.1714477539, 23.0747222900, 23.1714477539, 23.1714477539, 23.4375000000, 23.5000000000, 23.3750000000, 23.0625000000, 25.1255512237, 24.4490337371, Fault 0x, 24.2460365295
2026-07-24, 15:09:49, 23.1714477539, 23.0747222900, 23.1714477539, 23.1714477539, 23.4375000000, 23.4375000000, 23.3125000000, 23.0000000000, 25.1255512237, 24.4490337371, Fault 0x, 24.2799034118
2026-07-24, 15:09:51, 23.1714477539, 23.0747222900, 23.1714477539, 23.1714477539, 23.4375000000, 23.5000000000, 23.3750000000, 23.0625000000, 25.1255512237, 24.4490337371, Fault 0x, 24.2460365295
2026-07-24, 15:09:52, 23.1714477539, 23.0747222900, 23.1714477539, 23.1714477539, 23.4375000000, 23.5000000000, 23.3750000000, 23.0625000000, 25.1255512237, 24.4490337371, Fault 0x, 24.2799034118
2026-07-24, 15:09:54, 23.1714477539, 23.0747222900, 23.1714477539, 23.1714477539, 23.4375000000, 23.5000000000, 23.3750000000, 23.0000000000, 25.1255512237, 24.4151668548, Fault 0x, 24.2460365295
2026-07-24, 15:09:56, 23.1714477539, 22.9780578613, 23.1714477539, 23.1714477539, 23.4375000000, 23.5000000000, 23.3750000000, 23.0000000000, 25.1255512237, 24.4490337371, Fault 0x, 24.2460365295
2026-07-24, 15:09:58, 23.1714477539, 23.0747222900, 23.1714477539, 23.1714477539, 23.4375000000, 23.4375000000, 23.3125000000, 23.0625000000, 25.1255512237, 24.4490337371, Fault 0x, 24.2460365295
2026-07-24, 15:09:59, 23.1714477539, 23.0747222900, 23.1714477539, 23.1714477539, 23.3750000000, 23.4375000000, 23.3750000000, 23.0000000000, 25.1255512237, 24.4151668548, Fault 0x, 24.2460365295
2026-07-24, 15:10:01, 23.1714477539, 23.0747222900, 23.1714477539, 23.1714477539, 23.4375000000, 23.5000000000, 23.3125000000, 23.0625000000, 25.1255512237, 24.4151668548, Fault 0x, 24.2799034118
2026-07-24, 15:10:03, 23.1714477539, 23.0747222900, 23.1714477539, 23.1714477539, 23.4375000000, 23.5000000000, 23.3125000000, 23.0000000000, 25.0916862487, 24.4151668548, Fault 0x, 24.2460365295
2026-07-24, 15:10:05, 23.1714477539, 23.0747222900, 23.1714477539, 23.1714477539, 23.3750000000, 23.5000000000, 23.3125000000, 23.0625000000, 25.0916862487, 24.4151668548, Fault 0x, 24.2460365295
2026-07-24, 15:10:07, 23.1714477539, 23.0747222900, 23.1714477539, 23.0747222900, 23.3750000000, 23.5000000000, 23.3125000000, 23.0000000000, 25.1255512237, 24.4151668548, Fault 0x, 24.2799034118
2026-07-24, 15:10:08, 23.1714477539, 23.0747222900, 23.1714477539, 23.1714477539, 23.3750000000, 23.5000000000, 23.3125000000, 23.0000000000, 25.0916862487, 24.4151668548, Fault 0x, 24.2460365295
2026-07-24, 15:10:10, 23.1714477539, 23.0747222900, 23.1714477539, 23.0747222900, 23.3750000000, 23.4375000000, 23.3125000000, 23.0000000000, 25.0916862487, 24.3812999725, Fault 0x, 24.2460365295
2026-07-24, 15:10:12, 23.1714477539, 23.0747222900, 23.1714477539, 23.0747222900, 23.3750000000, 23.5000000000, 23.3750000000, 23.0000000000, 25.0916862487, 24.4151668548, Fault 0x, 24.2460365295
2026-07-24, 15:10:14, 23.0747222900, 23.0747222900, 23.1714477539, 23.0747222900, 23.4375000000, 23.4375000000, 23.3750000000, 23.0000000000, 25.0916862487, 24.3812999725, Fault 0x, 24.2460365295
2026-07-24, 15:10:15, 23.1714477539, 23.0747222900, 23.1714477539, 23.0747222900, 23.3750000000, 23.5000000000, 23.3125000000, 23.0000000000, 25.0578193664, 24.3812999725, Fault 0x, 24.2460365295
2026-07-24, 15:10:17, 23.0747222900, 23.0747222900, 23.1714477539, 23.0747222900, 23.3750000000, 23.5000000000, 23.3750000000, 23.0000000000, 25.0578193664, 24.3812999725, Fault 0x, 24.2799034118
2026-07-24, 15:10:19, 23.0747222900, 23.0747222900, 23.1714477539, 23.1714477539, 23.3750000000, 23.5000000000, 23.3125000000, 23.0000000000, 25.0578193664, 24.4151668548, Fault 0x, 24.2460365295
2026-07-24, 15:10:21, 23.0747222900, 23.0747222900, 23.1714477539, 23.0747222900, 23.3750000000, 23.4375000000, 23.3125000000, 23.0000000000, 25.0578193664, 24.3812999725, Fault 0x, 24.2460365295
2026-07-24, 15:10:22, 23.0747222900, 23.0747222900, 23.1714477539, 23.0747222900, 23.3750000000, 23.5000000000, 23.3125000000, 23.0000000000, 25.0578193664, 24.3812999725, Fault 0x, 24.2460365295
2026-07-24, 15:10:24, 23.0747222900, 23.0747222900, 23.1714477539, 23.0747222900, 23.4375000000, 23.5000000000, 23.3125000000, 23.0000000000, 25.0239524841, 24.3812999725, Fault 0x, 24.2460365295
2026-07-24, 15:10:26, 23.0747222900, 23.0747222900, 23.1714477539, 23.0747222900, 23.4375000000, 23.4375000000, 23.3750000000, 23.0000000000, 25.0578193664, 24.3812999725, Fault 0x, 24.2460365295
2026-07-24, 15:10:28, 23.0747222900, 23.0747222900, 23.1714477539, 23.0747222900, 23.4375000000, 23.5000000000, 23.3125000000, 23.0000000000, 25.0239524841, 24.3812999725, Fault 0x, 24.2460365295
2026-07-24, 15:10:30, 23.0747222900, 23.0747222900, 23.1714477539, 23.0747222900, 23.3750000000, 23.5000000000, 23.3125000000, 23.0000000000, 25.0578193664, 24.3812999725, Fault 0x, 24.2460365295
2026-07-24, 15:10:31, 23.0747222900, 23.0747222900, 23.0747222900, 23.0747222900, 23.3750000000, 23.5000000000, 23.3750000000, 23.0000000000, 25.0578193664, 24.3812999725, Fault 0x, 24.2460365295
2026-07-24, 15:10:33, 23.0747222900, 23.0747222900, 23.0747222900, 23.0747222900, 23.3750000000, 23.4375000000, 23.3125000000, 23.0000000000, 25.0239524841, 24.4151668548, Fault 0x, 24.2121696472
2026-07-24, 15:10:35, 23.0747222900, 22.9780578613, 23.1714477539, 23.0747222900, 23.3750000000, 23.4375000000, 23.3125000000, 23.0000000000, 25.0578193664, 24.3812999725, Fault 0x, 24.2460365295
2026-07-24, 15:10:37, 23.0747222900, 23.0747222900, 23.1714477539, 23.0747222900, 23.3750000000, 23.4375000000, 23.3125000000, 23.0000000000, 25.0239524841, 24.3812999725, Fault 0x, 24.2460365295
2026-07-24, 15:10:38, 23.0747222900, 22.9780578613, 23.1714477539, 23.0747222900, 23.4375000000, 23.5000000000, 23.3125000000, 23.0000000000, 25.0239524841, 24.3812999725, Fault 0x, 24.2460365295
2026-07-24, 15:10:40, 23.0747222900, 22.9780578613, 23.0747222900, 23.0747222900, 23.3750000000, 23.5000000000, 23.3125000000, 23.0000000000, 25.0239524841, 24.3812999725, Fault 0x, 24.2121696472
2026-07-24, 15:10:42, 23.0747222900, 22.9780578613, 23.0747222900, 23.0747222900, 23.3750000000, 23.4375000000, 23.3125000000, 23.0000000000, 25.0239524841, 24.3812999725, Fault 0x, 24.2121696472
2026-07-24, 15:10:44, 23.0747222900, 23.0747222900, 23.0747222900, 23.0747222900, 23.3750000000, 23.5000000000, 23.3125000000, 23.0000000000, 25.0239524841, 24.3476352691, Fault 0x, 24.2121696472
2026-07-24, 15:10:46, 23.0747222900, 22.9780578613, 23.0747222900, 23.0747222900, 23.3750000000, 23.4375000000, 23.3125000000, 23.0000000000, 24.9900875091, 24.3137702941, Fault 0x, 24.2121696472
2026-07-24, 15:10:47, 23.0747222900, 23.0747222900, 23.0747222900, 23.0747222900, 23.3750000000, 23.4375000000, 23.3125000000, 23.0000000000, 24.9900875091, 24.3137702941, Fault 0x, 24.2121696472
2026-07-24, 15:10:49, 23.0747222900, 22.9780578613, 23.0747222900, 23.0747222900, 23.3125000000, 23.5000000000, 23.3125000000, 23.0000000000, 24.9900875091, 24.3476352691, Fault 0x, 24.1785049438
2026-07-24, 15:10:51, 23.0747222900, 22.9780578613, 23.0747222900, 23.0747222900, 23.3750000000, 23.5000000000, 23.2500000000, 23.0000000000, 24.9900875091, 24.3137702941, Fault 0x, 24.1785049438
2026-07-24, 15:10:53, 23.0747222900, 22.9780578613, 23.0747222900, 23.0747222900, 23.3125000000, 23.5000000000, 23.3125000000, 23.0000000000, 24.9900875091, 24.3476352691, Fault 0x, 24.1446399688
2026-07-24, 15:10:54, 23.0747222900, 22.9780578613, 23.0747222900, 23.0747222900, 23.3750000000, 23.4375000000, 23.3125000000, 23.0000000000, 24.9900875091, 24.3137702941, Fault 0x, 24.1785049438
2026-07-24, 15:10:56, 23.0747222900, 22.9780578613, 23.0747222900, 23.0747222900, 23.3125000000, 23.5000000000, 23.2500000000, 23.0000000000, 24.9564228057, 24.3137702941, Fault 0x, 24.1785049438
2026-07-24, 15:10:58, 23.0747222900, 22.9780578613, 23.0747222900, 23.0747222900, 23.3750000000, 23.4375000000, 23.3125000000, 23.0000000000, 24.9564228057, 24.3137702941, Fault 0x, 24.1446399688
2026-07-24, 15:11:00, 23.0747222900, 22.9780578613, 23.0747222900, 23.0747222900, 23.3125000000, 23.4375000000, 23.3125000000, 23.0000000000, 24.9564228057, 24.2799034118, Fault 0x, 24.1446399688
2026-07-24, 15:11:02, 23.0747222900, 22.9780578613, 23.0747222900, 23.0747222900, 23.3750000000, 23.4375000000, 23.3125000000, 23.0625000000, 24.9564228057, 24.2799034118, Fault 0x, 24.1446399688
2026-07-24, 15:11:03, 23.0747222900, 22.9780578613, 23.0747222900, 23.0747222900, 23.3125000000, 23.4375000000, 23.3125000000, 23.0000000000, 24.9225559234, 24.2799034118, Fault 0x, 24.1785049438
2026-07-24, 15:11:05, 23.0747222900, 22.9780578613, 23.0747222900, 23.0747222900, 23.3125000000, 23.4375000000, 23.3125000000, 23.0000000000, 24.9225559234, 24.2799034118, Fault 0x, 24.1446399688
2026-07-24, 15:11:07, 23.0747222900, 22.9780578613, 23.0747222900, 23.0747222900, 23.3125000000, 23.5000000000, 23.2500000000, 23.0000000000, 24.9225559234, 24.2799034118, Fault 0x, 24.1446399688
2026-07-24, 15:11:09, 23.0747222900, 22.9780578613, 23.0747222900, 23.0747222900, 23.3750000000, 23.5000000000, 23.2500000000, 23.0000000000, 24.9225559234, 24.2799034118, Fault 0x, 24.1107730865
2026-07-24, 15:11:10, 23.0747222900, 22.9780578613, 23.0747222900, 23.0747222900, 23.3750000000, 23.5000000000, 23.3125000000, 23.0000000000, 24.9225559234, 24.2460365295, Fault 0x, 24.1107730865
2026-07-24, 15:11:12, 23.0747222900, 22.9780578613, 23.0747222900, 23.0747222900, 23.3125000000, 23.5000000000, 23.2500000000, 23.0000000000, 24.9225559234, 24.2460365295, Fault 0x, 24.1107730865
2026-07-24, 15:11:14, 23.0747222900, 22.9780578613, 23.0747222900, 23.0747222900, 23.3750000000, 23.5000000000, 23.2500000000, 23.0000000000, 24.8886890411, 24.2799034118, Fault 0x, 24.1446399688
2026-07-24, 15:11:16, 23.0747222900, 22.9780578613, 23.0747222900, 23.0747222900, 23.3125000000, 23.4375000000, 23.3125000000, 23.0000000000, 24.8886890411, 24.2799034118, Fault 0x, 24.1107730865
2026-07-24, 15:11:18, 23.0747222900, 22.9780578613, 23.0747222900, 23.0747222900, 23.3750000000, 23.4375000000, 23.3125000000, 23.0000000000, 24.8886890411, 24.2799034118, Fault 0x, 24.1107730865
2026-07-24, 15:11:19, 23.0747222900, 22.9780578613, 23.0747222900, 23.0747222900, 23.3750000000, 23.4375000000, 23.2500000000, 22.9375000000, 24.9225559234, 24.2799034118, Fault 0x, 24.1446399688
2026-07-24, 15:11:21, 23.0747222900, 22.9780578613, 23.0747222900, 23.0747222900, 23.3125000000, 23.4375000000, 23.2500000000, 23.0000000000, 24.8886890411, 24.2799034118, Fault 0x, 24.1446399688
2026-07-24, 15:11:23, 23.0747222900, 22.9780578613, 23.0747222900, 22.9780578613, 23.3125000000, 23.4375000000, 23.2500000000, 23.0000000000, 24.8886890411, 24.2799034118, Fault 0x, 24.1446399688
2026-07-24, 15:11:25, 23.0747222900, 22.9780578613, 23.0747222900, 22.9780578613, 23.3125000000, 23.4375000000, 23.2500000000, 22.9375000000, 24.8886890411, 24.2799034118, Fault 0x, 24.1107730865
2026-07-24, 15:11:26, 23.0747222900, 22.9780578613, 23.0747222900, 22.9780578613, 23.3125000000, 23.4375000000, 23.2500000000, 23.0000000000, 24.8886890411, 24.3137702941, Fault 0x, 24.1446399688
2026-07-24, 15:11:28, 23.0747222900, 22.9780578613, 23.0747222900, 22.9780578613, 23.3125000000, 23.5000000000, 23.2500000000, 23.0000000000, 24.8886890411, 24.2799034118, Fault 0x, 24.1446399688
2026-07-24, 15:11:30, 23.0747222900, 22.9780578613, 23.0747222900, 22.9780578613, 23.3125000000, 23.4375000000, 23.3125000000, 23.0000000000, 24.8886890411, 24.3137702941, Fault 0x, 24.1446399688
2026-07-24, 15:11:32, 23.0747222900, 22.9780578613, 23.0747222900, 23.0747222900, 23.3125000000, 23.4375000000, 23.2500000000, 23.0000000000, 24.8886890411, 24.2799034118, Fault 0x, 24.1107730865
2026-07-24, 15:11:34, 23.0747222900, 22.9780578613, 23.0747222900, 23.0747222900, 23.3125000000, 23.4375000000, 23.2500000000, 23.0000000000, 24.8886890411, 24.2799034118, Fault 0x, 24.1107730865
2026-07-24, 15:11:35, 23.0747222900, 22.9780578613, 22.9780578613, 22.9780578613, 23.3125000000, 23.5000000000, 23.2500000000, 23.0000000000, 24.8886890411, 24.3137702941, Fault 0x, 24.1446399688
2026-07-24, 15:11:37, 23.0747222900, 22.9780578613, 23.0747222900, 22.9780578613, 23.3125000000, 23.4375000000, 23.3125000000, 22.9375000000, 24.8886890411, 24.3137702941, Fault 0x, 24.1446399688
2026-07-24, 15:11:39, 23.0747222900, 22.9780578613, 23.0747222900, 22.9780578613, 23.3125000000, 23.4375000000, 23.2500000000, 22.9375000000, 24.8886890411, 24.3137702941, Fault 0x, 24.1107730865
2026-07-24, 15:11:41, 23.0747222900, 22.9780578613, 22.9780578613, 23.0747222900, 23.2500000000, 23.4375000000, 23.2500000000, 23.0000000000, 24.9225559234, 24.3137702941, Fault 0x, 24.1107730865
2026-07-24, 15:11:42, 23.0747222900, 22.9780578613, 22.9780578613, 23.0747222900, 23.3125000000, 23.4375000000, 23.2500000000, 22.9375000000, 24.8886890411, 24.3137702941, Fault 0x, 24.1107730865
2026-07-24, 15:11:44, 23.0747222900, 22.9780578613, 22.9780578613, 22.9780578613, 23.3125000000, 23.4375000000, 23.2500000000, 23.0000000000, 24.8886890411, 24.2799034118, Fault 0x, 24.1107730865
2026-07-24, 15:11:46, 23.0747222900, 22.9780578613, 22.9780578613, 22.9780578613, 23.3125000000, 23.4375000000, 23.2500000000, 22.9375000000, 24.8886890411, 24.2799034118, Fault 0x, 24.1446399688
2026-07-24, 15:11:48, 23.0747222900, 22.9780578613, 22.9780578613, 22.9780578613, 23.3125000000, 23.4375000000, 23.2500000000, 22.9375000000, 24.8886890411, 24.2799034118, Fault 0x, 24.1446399688
2026-07-24, 15:11:50, 23.0747222900, 22.9780578613, 22.9780578613, 22.9780578613, 23.3125000000, 23.4375000000, 23.2500000000, 22.9375000000, 24.8886890411, 24.2799034118, Fault 0x, 24.1107730865
2026-07-24, 15:11:51, 23.0747222900, 22.9780578613, 22.9780578613, 22.9780578613, 23.3125000000, 23.4375000000, 23.2500000000, 22.9375000000, 24.8886890411, 24.2799034118, Fault 0x, 24.1107730865
2026-07-24, 15:11:53, 23.0747222900, 22.9780578613, 22.9780578613, 22.9780578613, 23.3125000000, 23.4375000000, 23.2500000000, 22.9375000000, 24.8886890411, 24.3137702941, Fault 0x, 24.1107730865
2026-07-24, 15:11:55, 22.9780578613, 22.9780578613, 22.9780578613, 22.9780578613, 23.3125000000, 23.4375000000, 23.2500000000, 22.9375000000, 24.8886890411, 24.2799034118, Fault 0x, 24.1107730865
2026-07-24, 15:11:57, 23.0747222900, 22.9780578613, 22.9780578613, 22.9780578613, 23.3125000000, 23.4375000000, 23.2500000000, 22.8750000000, 24.8886890411, 24.2799034118, Fault 0x, 24.1107730865
2026-07-24, 15:11:58, 23.0747222900, 22.9780578613, 22.9780578613, 22.9780578613, 23.3125000000, 23.4375000000, 23.2500000000, 22.9375000000, 24.9225559234, 24.2799034118, Fault 0x, 24.1107730865
2026-07-24, 15:12:00, 23.0747222900, 22.9780578613, 22.9780578613, 22.9780578613, 23.3125000000, 23.4375000000, 23.2500000000, 22.9375000000, 24.8886890411, 24.2799034118, Fault 0x, 24.1107730865
2026-07-24, 15:12:02, 23.0747222900, 22.9780578613, 22.9780578613, 22.9780578613, 23.3125000000, 23.3750000000, 23.2500000000, 22.9375000000, 24.8886890411, 24.2799034118, Fault 0x, 24.1107730865
2026-07-24, 15:12:04, 23.0747222900, 22.9780578613, 22.9780578613, 22.9780578613, 23.2500000000, 23.3750000000, 23.2500000000, 22.9375000000, 24.8886890411, 24.2799034118, Fault 0x, 24.1107730865
2026-07-24, 15:12:06, 23.0747222900, 22.9780578613, 22.9780578613, 22.9780578613, 23.2500000000, 23.4375000000, 23.2500000000, 22.9375000000, 24.8886890411, 24.2799034118, Fault 0x, 24.1107730865
2026-07-24, 15:12:07, 23.0747222900, 22.9780578613, 22.9780578613, 22.9780578613, 23.2500000000, 23.4375000000, 23.1875000000, 22.9375000000, 24.8886890411, 24.2799034118, Fault 0x, 24.1107730865
2026-07-24, 15:12:09, 23.0747222900, 22.9780578613, 22.9780578613, 22.9780578613, 23.2500000000, 23.4375000000, 23.2500000000, 22.9375000000, 24.8886890411, 24.3137702941, Fault 0x, 24.0771083831
2026-07-24, 15:12:11, 23.0747222900, 22.9780578613, 22.9780578613, 22.9780578613, 23.2500000000, 23.4375000000, 23.2500000000, 22.9375000000, 24.8886890411, 24.2460365295, Fault 0x, 24.1107730865
2026-07-24, 15:12:13, 23.0747222900, 22.9780578613, 22.9780578613, 22.9780578613, 23.2500000000, 23.4375000000, 23.2500000000, 22.9375000000, 24.8548240661, 24.2799034118, Fault 0x, 24.0771083831
2026-07-24, 15:12:14, 23.0747222900, 22.9780578613, 22.9780578613, 22.9780578613, 23.2500000000, 23.3750000000, 23.1875000000, 22.9375000000, 24.8548240661, 24.2460365295, Fault 0x, 24.0771083831
2026-07-24, 15:12:16, 23.0747222900, 22.9780578613, 22.9780578613, 22.9780578613, 23.3125000000, 23.4375000000, 23.2500000000, 22.9375000000, 24.8548240661, 24.2460365295, Fault 0x, 24.0771083831
2026-07-24, 15:12:18, 23.0747222900, 22.9780578613, 22.9780578613, 22.9780578613, 23.2500000000, 23.3750000000, 23.3125000000, 22.9375000000, 24.8548240661, 24.2460365295, Fault 0x, 24.0432415008
2026-07-24, 15:12:20, 22.9780578613, 22.9780578613, 22.9780578613, 22.9780578613, 23.2500000000, 23.3750000000, 23.1875000000, 22.9375000000, 24.8211593627, 24.2460365295, Fault 0x, 24.0432415008
2026-07-24, 15:12:21, 22.9780578613, 22.9780578613, 22.9780578613, 22.9780578613, 23.2500000000, 23.3750000000, 23.1875000000, 22.9375000000, 24.8548240661, 24.2460365295, Fault 0x, 24.0771083831
2026-07-24, 15:12:23, 23.0747222900, 22.9780578613, 22.9780578613, 22.9780578613, 23.3125000000, 23.3750000000, 23.2500000000, 22.9375000000, 24.8548240661, 24.2460365295, Fault 0x, 24.0771083831
2026-07-24, 15:12:25, 23.0747222900, 22.9780578613, 22.9780578613, 22.9780578613, 23.2500000000, 23.4375000000, 23.2500000000, 22.9375000000, 24.8548240661, 24.2121696472, Fault 0x, 24.0432415008
2026-07-24, 15:12:27, 22.9780578613, 22.9780578613, 22.9780578613, 22.9780578613, 23.2500000000, 23.3750000000, 23.1875000000, 22.9375000000, 24.8211593627, 24.2460365295, Fault 0x, 24.0432415008
2026-07-24, 15:12:29, 23.0747222900, 22.9780578613, 22.9780578613, 22.9780578613, 23.2500000000, 23.3750000000, 23.1875000000, 22.9375000000, 24.8211593627, 24.2121696472, Fault 0x, 24.0432415008
2026-07-24, 15:12:30, 22.9780578613, 22.9780578613, 22.9780578613, 22.9780578613, 23.2500000000, 23.4375000000, 23.2500000000, 22.9375000000, 24.8548240661, 24.2121696472, Fault 0x, 24.0432415008
2026-07-24, 15:12:32, 22.9780578613, 22.9780578613, 22.9780578613, 22.9780578613, 23.2500000000, 23.4375000000, 23.1875000000, 22.8750000000, 24.8211593627, 24.2121696472, Fault 0x, 24.0432415008
2026-07-24, 15:12:34, 22.9780578613, 22.9780578613, 22.9780578613, 22.9780578613, 23.2500000000, 23.3750000000, 23.2500000000, 22.8750000000, 24.8211593627, 24.2121696472, Fault 0x, 24.0432415008
2026-07-24, 15:12:36, 22.9780578613, 22.9780578613, 22.9780578613, 22.9780578613, 23.2500000000, 23.3750000000, 23.2500000000, 22.8750000000, 24.8211593627, 24.2121696472, Fault 0x, 24.0093765258
2026-07-24, 15:12:37, 22.9780578613, 22.9780578613, 22.9780578613, 22.9780578613, 23.1875000000, 23.3750000000, 23.1875000000, 22.9375000000, 24.8211593627, 24.1785049438, Fault 0x, 24.0093765258
2026-07-24, 15:12:39, 22.9780578613, 22.8814239501, 22.9780578613, 22.9780578613, 23.1875000000, 23.3750000000, 23.1875000000, 22.9375000000, 24.7870903015, 24.1785049438, Fault 0x, 24.0093765258
2026-07-24, 15:12:41, 22.9780578613, 22.8814239501, 22.9780578613, 22.9780578613, 23.1875000000, 23.3750000000, 23.2500000000, 22.9375000000, 24.8211593627, 24.2121696472, Fault 0x, 24.0432415008
2026-07-24, 15:12:43, 22.9780578613, 22.8814239501, 22.9780578613, 22.9780578613, 23.1875000000, 23.3750000000, 23.1875000000, 22.9375000000, 24.7870903015, 24.2121696472, Fault 0x, 24.0093765258
2026-07-24, 15:12:45, 22.9780578613, 22.8814239501, 22.9780578613, 22.9780578613, 23.2500000000, 23.3750000000, 23.2500000000, 22.9375000000, 24.7870903015, 24.1785049438, Fault 0x, 24.0093765258
2026-07-24, 15:12:46, 22.9780578613, 22.8814239501, 22.9780578613, 22.9780578613, 23.2500000000, 23.3750000000, 23.1875000000, 22.9375000000, 24.7870903015, 24.1785049438, Fault 0x, 24.0432415008
2026-07-24, 15:12:48, 22.9780578613, 22.8814239501, 22.9780578613, 22.9780578613, 23.2500000000, 23.3750000000, 23.2500000000, 22.8750000000, 24.7870903015, 24.2121696472, Fault 0x, 24.0432415008
2026-07-24, 15:12:50, 22.9780578613, 22.8814239501, 22.9780578613, 22.8814239501, 23.2500000000, 23.3750000000, 23.2500000000, 22.8750000000, 24.7870903015, 24.2121696472, Fault 0x, 24.0093765258
2026-07-24, 15:12:52, 22.9780578613, 22.8814239501, 22.9780578613, 22.8814239501, 23.2500000000, 23.3750000000, 23.1875000000, 22.9375000000, 24.8211593627, 24.2121696472, Fault 0x, 24.0093765258
2026-07-24, 15:12:53, 22.9780578613, 22.8814239501, 22.9780578613, 22.8814239501, 23.2500000000, 23.3125000000, 23.1875000000, 22.8750000000, 24.7870903015, 24.1785049438, Fault 0x, 24.0432415008
2026-07-24, 15:12:55, 22.9780578613, 22.8814239501, 22.8814239501, 22.8814239501, 23.1875000000, 23.3125000000, 23.1875000000, 22.8750000000, 24.7870903015, 24.2121696472, Fault 0x, 24.0093765258
2026-07-24, 15:12:57, 22.9780578613, 22.8814239501, 22.9780578613, 22.8814239501, 23.2500000000, 23.3125000000, 23.1875000000, 22.9375000000, 24.7870903015, 24.1446399688, Fault 0x, 24.0093765258
2026-07-24, 15:12:59, 22.9780578613, 22.8814239501, 22.9780578613, 22.8814239501, 23.1875000000, 23.3750000000, 23.1875000000, 22.9375000000, 24.7870903015, 24.1785049438, Fault 0x, 23.9755096435
2026-07-24, 15:13:01, 22.9780578613, 22.8814239501, 22.9780578613, 22.8814239501, 23.2500000000, 23.3125000000, 23.1875000000, 22.8750000000, 24.7870903015, 24.1785049438, Fault 0x, 23.9755096435
2026-07-24, 15:13:02, 22.9780578613, 22.8814239501, 22.9780578613, 22.8814239501, 23.1875000000, 23.3125000000, 23.1875000000, 22.8750000000, 24.7534255981, 24.1446399688, Fault 0x, 23.9755096435
2026-07-24, 15:13:04, 22.9780578613, 22.8814239501, 22.9780578613, 22.8814239501, 23.1875000000, 23.3125000000, 23.1875000000, 22.8750000000, 24.7870903015, 24.1446399688, Fault 0x, 24.0093765258
2026-07-24, 15:13:06, 22.9780578613, 22.8814239501, 22.9780578613, 22.8814239501, 23.1875000000, 23.3125000000, 23.1875000000, 22.8750000000, 24.7534255981, 24.1446399688, Fault 0x, 23.9755096435
2026-07-24, 15:13:08, 22.9780578613, 22.8814239501, 22.9780578613, 22.8814239501, 23.1875000000, 23.3125000000, 23.1875000000, 22.8750000000, 24.7870903015, 24.1446399688, Fault 0x, 24.0093765258
2026-07-24, 15:13:09, 22.9780578613, 22.8814239501, 22.8814239501, 22.8814239501, 23.1875000000, 23.3125000000, 23.1875000000, 22.8750000000, 24.7870903015, 24.1446399688, Fault 0x, 24.0093765258
2026-07-24, 15:13:11, 22.9780578613, 22.8814239501, 22.9780578613, 22.8814239501, 23.1250000000, 23.3750000000, 23.1875000000, 22.8750000000, 24.7534255981, 24.1107730865, Fault 0x, 24.0093765258
2026-07-24, 15:13:13, 22.9780578613, 22.8814239501, 22.8814239501, 22.8814239501, 23.1875000000, 23.3125000000, 23.1875000000, 22.8750000000, 24.7195606231, 24.1107730865, Fault 0x, 23.9416427612
2026-07-24, 15:13:15, 22.9780578613, 22.8814239501, 22.9780578613, 22.8814239501, 23.1250000000, 23.3125000000, 23.1250000000, 22.8750000000, 24.7195606231, 24.1107730865, Fault 0x, 23.9755096435
2026-07-24, 15:13:17, 22.9780578613, 22.8814239501, 22.8814239501, 22.8814239501, 23.1250000000, 23.3125000000, 23.1875000000, 22.8750000000, 24.7195606231, 24.1107730865, Fault 0x, 23.9755096435
2026-07-24, 15:13:18, 22.8814239501, 22.8814239501, 22.8814239501, 22.8814239501, 23.1875000000, 23.3125000000, 23.1875000000, 22.8750000000, 24.7195606231, 24.0771083831, Fault 0x, 23.9416427612
2026-07-24, 15:13:20, 22.8814239501, 22.7848052978, 22.8814239501, 22.8814239501, 23.1875000000, 23.2500000000, 23.1250000000, 22.9375000000, 24.7534255981, 24.1107730865, Fault 0x, 23.9416427612
2026-07-24, 15:13:22, 22.8814239501, 22.7848052978, 22.8814239501, 22.8814239501, 23.1250000000, 23.3125000000, 23.1250000000, 22.8750000000, 24.7534255981, 24.0771083831, Fault 0x, 23.9416427612
2026-07-24, 15:13:24, 22.8814239501, 22.7848052978, 22.8814239501, 22.7848052978, 23.1250000000, 23.2500000000, 23.1250000000, 22.8750000000, 24.7534255981, 24.0771083831, Fault 0x, 23.9416427612
2026-07-24, 15:13:25, 22.8814239501, 22.7848052978, 22.8814239501, 22.7848052978, 23.1875000000, 23.2500000000, 23.1250000000, 22.8750000000, 24.7534255981, 24.0432415008, Fault 0x, 23.9755096435
2026-07-24, 15:13:27, 22.8814239501, 22.7848052978, 22.8814239501, 22.7848052978, 23.1875000000, 23.3125000000, 23.1250000000, 22.8750000000, 24.6856937408, 24.0771083831, Fault 0x, 23.9416427612
2026-07-24, 15:13:29, 22.8814239501, 22.7848052978, 22.9780578613, 22.7848052978, 23.1875000000, 23.3125000000, 23.1250000000, 22.8750000000, 24.7195606231, 24.0432415008, Fault 0x, 23.9416427612
2026-07-24, 15:13:31, 22.8814239501, 22.7848052978, 22.8814239501, 22.7848052978, 23.1875000000, 23.2500000000, 23.1875000000, 22.8750000000, 24.7195606231, 24.0432415008, Fault 0x, 23.9079780578
2026-07-24, 15:13:33, 22.8814239501, 22.7848052978, 22.8814239501, 22.7848052978, 23.1250000000, 23.2500000000, 23.1250000000, 22.8750000000, 24.7195606231, 24.0771083831, Fault 0x, 23.9416427612
2026-07-24, 15:13:34, 22.8814239501, 22.7848052978, 22.8814239501, 22.7848052978, 23.1250000000, 23.2500000000, 23.1250000000, 22.8125000000, 24.7195606231, 24.0771083831, Fault 0x, 23.9079780578
2026-07-24, 15:13:36, 22.8814239501, 22.7848052978, 22.8814239501, 22.7848052978, 23.1875000000, 23.2500000000, 23.1250000000, 22.8750000000, 24.6856937408, 24.0771083831, Fault 0x, 23.9079780578
2026-07-24, 15:13:38, 22.8814239501, 22.7848052978, 22.8814239501, 22.7848052978, 23.1875000000, 23.2500000000, 23.1250000000, 22.8750000000, 24.7195606231, 24.0432415008, Fault 0x, 23.9079780578
2026-07-24, 15:13:40, 22.8814239501, 22.7848052978, 22.8814239501, 22.7848052978, 23.1250000000, 23.2500000000, 23.1250000000, 22.8125000000, 24.7195606231, 24.0771083831, Fault 0x, 23.9416427612
2026-07-24, 15:13:41, 22.8814239501, 22.7848052978, 22.8814239501, 22.7848052978, 23.1250000000, 23.2500000000, 23.1250000000, 22.8125000000, 24.7195606231, 24.0093765258, Fault 0x, 23.9079780578
2026-07-24, 15:13:43, 22.8814239501, 22.7848052978, 22.8814239501, 22.7848052978, 23.1250000000, 23.2500000000, 23.1250000000, 22.8750000000, 24.7195606231, 24.0771083831, Fault 0x, 23.9416427612
2026-07-24, 15:13:45, 22.8814239501, 22.7848052978, 22.8814239501, 22.7848052978, 23.1250000000, 23.2500000000, 23.1250000000, 22.8125000000, 24.7195606231, 24.0432415008, Fault 0x, 23.9416427612
2026-07-24, 15:13:47, 22.8814239501, 22.7848052978, 22.8814239501, 22.7848052978, 23.1250000000, 23.2500000000, 23.1250000000, 22.8125000000, 24.7195606231, 24.0771083831, Fault 0x, 23.9416427612
2026-07-24, 15:13:49, 22.8814239501, 22.7848052978, 22.8814239501, 22.7848052978, 23.1250000000, 23.2500000000, 23.0625000000, 22.8125000000, 24.7195606231, 24.0771083831, Fault 0x, 23.9416427612
2026-07-24, 15:13:50, 22.8814239501, 22.7848052978, 22.8814239501, 22.7848052978, 23.1250000000, 23.2500000000, 23.1250000000, 22.8125000000, 24.7534255981, 24.0771083831, Fault 0x, 23.9079780578
2026-07-24, 15:13:52, 22.8814239501, 22.7848052978, 22.8814239501, 22.7848052978, 23.1250000000, 23.2500000000, 23.0625000000, 22.8125000000, 24.7534255981, 24.0771083831, Fault 0x, 23.9079780578
2026-07-24, 15:13:54, 22.8814239501, 22.7848052978, 22.8814239501, 22.7848052978, 23.1250000000, 23.2500000000, 23.0625000000, 22.8125000000, 24.7534255981, 24.0771083831, Fault 0x, 23.9079780578
2026-07-24, 15:13:56, 22.8814239501, 22.7848052978, 22.8814239501, 22.7848052978, 23.1250000000, 23.2500000000, 23.0625000000, 22.8125000000, 24.7195606231, 24.0771083831, Fault 0x, 23.9079780578
2026-07-24, 15:13:57, 22.8814239501, 22.7848052978, 22.8814239501, 22.7848052978, 23.1250000000, 23.2500000000, 23.1250000000, 22.8125000000, 24.7534255981, 24.0771083831, Fault 0x, 23.9416427612
2026-07-24, 15:13:59, 22.8814239501, 22.7848052978, 22.8814239501, 22.7848052978, 23.1250000000, 23.2500000000, 23.0625000000, 22.8750000000, 24.7534255981, 24.0771083831, Fault 0x, 23.9416427612
2026-07-24, 15:14:01, 22.8814239501, 22.7848052978, 22.8814239501, 22.7848052978, 23.1250000000, 23.2500000000, 23.1250000000, 22.8125000000, 24.7534255981, 24.0771083831, Fault 0x, 23.9416427612
2026-07-24, 15:14:03, 22.8814239501, 22.7848052978, 22.8814239501, 22.7848052978, 23.1250000000, 23.2500000000, 23.1250000000, 22.8125000000, 24.7534255981, 24.1107730865, Fault 0x, 23.9416427612
2026-07-24, 15:14:05, 22.8814239501, 22.7848052978, 22.8814239501, 22.7848052978, 23.1250000000, 23.2500000000, 23.1250000000, 22.8125000000, 24.7534255981, 24.1446399688, Fault 0x, 23.9416427612
2026-07-24, 15:14:06, 22.8814239501, 22.7848052978, 22.8814239501, 22.7848052978, 23.1250000000, 23.2500000000, 23.0625000000, 22.8125000000, 24.7534255981, 24.1446399688, Fault 0x, 23.9416427612
2026-07-24, 15:14:08, 22.8814239501, 22.7848052978, 22.8814239501, 22.7848052978, 23.1250000000, 23.2500000000, 23.0625000000, 22.8125000000, 24.7534255981, 24.1446399688, Fault 0x, 23.9755096435
2026-07-24, 15:14:10, 22.8814239501, 22.7848052978, 22.8814239501, 22.7848052978, 23.1250000000, 23.1875000000, 23.1250000000, 22.8125000000, 24.7534255981, 24.1107730865, Fault 0x, 23.9416427612
2026-07-24, 15:14:12, 22.8814239501, 22.7848052978, 22.8814239501, 22.7848052978, 23.1250000000, 23.2500000000, 23.1250000000, 22.8125000000, 24.7534255981, 24.1107730865, Fault 0x, 23.9416427612
2026-07-24, 15:14:13, 22.8814239501, 22.7848052978, 22.8814239501, 22.7848052978, 23.1250000000, 23.2500000000, 23.0625000000, 22.8125000000, 24.7534255981, 24.0771083831, Fault 0x, 23.9416427612
2026-07-24, 15:14:15, 22.8814239501, 22.7848052978, 22.8814239501, 22.7848052978, 23.1250000000, 23.2500000000, 23.1250000000, 22.8125000000, 24.7534255981, 24.1107730865, Fault 0x, 23.9416427612
2026-07-24, 15:14:17, 22.8814239501, 22.7848052978, 22.7848052978, 22.7848052978, 23.0625000000, 23.2500000000, 23.0625000000, 22.8125000000, 24.7534255981, 24.0771083831, Fault 0x, 23.9416427612
2026-07-24, 15:14:19, 22.7848052978, 22.7848052978, 22.8814239501, 22.7848052978, 23.1250000000, 23.2500000000, 23.0625000000, 22.8125000000, 24.7534255981, 24.0771083831, Fault 0x, 23.9079780578
2026-07-24, 15:14:20, 22.7848052978, 22.7848052978, 22.8814239501, 22.7848052978, 23.1875000000, 23.2500000000, 23.0625000000, 22.8125000000, 24.7534255981, 24.1107730865, Fault 0x, 23.9416427612
2026-07-24, 15:14:22, 22.7848052978, 22.7848052978, 22.8814239501, 22.7848052978, 23.1250000000, 23.1875000000, 23.0625000000, 22.8125000000, 24.7534255981, 24.0771083831, Fault 0x, 23.9079780578
2026-07-24, 15:14:24, 22.7848052978, 22.6881866455, 22.8814239501, 22.7848052978, 23.0625000000, 23.2500000000, 23.0625000000, 22.8125000000, 24.7195606231, 24.0771083831, Fault 0x, 23.9416427612
2026-07-24, 15:14:26, 22.7848052978, 22.6881866455, 22.7848052978, 22.7848052978, 23.1250000000, 23.2500000000, 23.0000000000, 22.8125000000, 24.7195606231, 24.0771083831, Fault 0x, 23.9416427612
2026-07-24, 15:14:28, 22.7848052978, 22.6881866455, 22.7848052978, 22.7848052978, 23.1250000000, 23.2500000000, 23.0625000000, 22.8125000000, 24.7195606231, 24.0771083831, Fault 0x, 23.9079780578
2026-07-24, 15:14:29, 22.7848052978, 22.6881866455, 22.8814239501, 22.7848052978, 23.0625000000, 23.1875000000, 23.0625000000, 22.8125000000, 24.6856937408, 24.0771083831, Fault 0x, 23.9416427612
2026-07-24, 15:14:31, 22.7848052978, 22.6881866455, 22.7848052978, 22.7848052978, 23.1250000000, 23.1875000000, 23.0625000000, 22.8125000000, 24.7534255981, 24.0771083831, Fault 0x, 23.9416427612
2026-07-24, 15:14:33, 22.7848052978, 22.6881866455, 22.8814239501, 22.7848052978, 23.1250000000, 23.2500000000, 23.0625000000, 22.8125000000, 24.7195606231, 24.0771083831, Fault 0x, 23.9079780578
2026-07-24, 15:14:35, 22.7848052978, 22.6881866455, 22.8814239501, 22.7848052978, 23.1250000000, 23.2500000000, 23.0625000000, 22.8125000000, 24.7195606231, 24.0771083831, Fault 0x, 23.9079780578
2026-07-24, 15:14:36, 22.7848052978, 22.6881866455, 22.8814239501, 22.7848052978, 23.1250000000, 23.1875000000, 23.0625000000, 22.8125000000, 24.7195606231, 24.0432415008, Fault 0x, 23.9079780578
2026-07-24, 15:14:38, 22.7848052978, 22.6881866455, 22.8814239501, 22.7848052978, 23.1250000000, 23.2500000000, 23.0625000000, 22.8125000000, 24.7195606231, 24.0771083831, Fault 0x, 23.9079780578
2026-07-24, 15:14:40, 22.7848052978, 22.6881866455, 22.8814239501, 22.7848052978, 23.0625000000, 23.1875000000, 23.0625000000, 22.8750000000, 24.7534255981, 24.0432415008, Fault 0x, 23.9079780578
2026-07-24, 15:14:42, 22.7848052978, 22.6881866455, 22.8814239501, 22.7848052978, 23.1250000000, 23.1875000000, 23.0625000000, 22.8125000000, 24.7195606231, 24.0432415008, Fault 0x, 23.9416427612
2026-07-24, 15:14:44, 22.7848052978, 22.6881866455, 22.8814239501, 22.7848052978, 23.0625000000, 23.2500000000, 23.0625000000, 22.8125000000, 24.7195606231, 24.0432415008, Fault 0x, 23.9416427612
2026-07-24, 15:14:45, 22.7848052978, 22.6881866455, 22.8814239501, 22.7848052978, 23.0625000000, 23.2500000000, 23.0625000000, 22.8125000000, 24.7534255981, 24.1107730865, Fault 0x, 23.9079780578
2026-07-24, 15:14:47, 22.7848052978, 22.6881866455, 22.8814239501, 22.7848052978, 23.1250000000, 23.2500000000, 23.0625000000, 22.8750000000, 24.7195606231, 24.0771083831, Fault 0x, 23.9416427612
2026-07-24, 15:14:49, 22.7848052978, 22.6881866455, 22.8814239501, 22.7848052978, 23.1250000000, 23.2500000000, 23.0625000000, 22.8125000000, 24.7195606231, 24.1107730865, Fault 0x, 23.9079780578
2026-07-24, 15:14:51, 22.7848052978, 22.6881866455, 22.8814239501, 22.7848052978, 23.0625000000, 23.1875000000, 23.0625000000, 22.8125000000, 24.7534255981, 24.0771083831, Fault 0x, 23.9079780578
2026-07-24, 15:14:52, 22.7848052978, 22.6881866455, 22.8814239501, 22.7848052978, 23.0625000000, 23.2500000000, 23.0625000000, 22.8125000000, 24.7195606231, 24.0771083831, Fault 0x, 23.9079780578
2026-07-24, 15:14:54, 22.7848052978, 22.6881866455, 22.8814239501, 22.7848052978, 23.0625000000, 23.1875000000, 23.0625000000, 22.8125000000, 24.7195606231, 24.1107730865, Fault 0x, 23.9079780578
2026-07-24, 15:14:56, 22.7848052978, 22.6881866455, 22.8814239501, 22.7848052978, 23.0625000000, 23.2500000000, 23.0625000000, 22.8125000000, 24.6856937408, 24.0432415008, Fault 0x, 23.8741130828
2026-07-24, 15:14:58, 22.7848052978, 22.6881866455, 22.8814239501, 22.7848052978, 23.0625000000, 23.2500000000, 23.0625000000, 22.8125000000, 24.6856937408, 24.0432415008, Fault 0x, 23.9079780578
2026-07-24, 15:15:00, 22.7848052978, 22.6881866455, 22.8814239501, 22.7848052978, 23.0625000000, 23.1875000000, 23.0625000000, 22.8125000000, 24.7195606231, 24.0432415008, Fault 0x, 23.9079780578
2026-07-24, 15:15:01, 22.7848052978, 22.6881866455, 22.7848052978, 22.6881866455, 23.0625000000, 23.1875000000, 23.0625000000, 22.8125000000, 24.6856937408, 24.0432415008, Fault 0x, 23.9079780578
2026-07-24, 15:15:03, 22.7848052978, 22.6881866455, 22.8814239501, 22.6881866455, 23.1250000000, 23.1875000000, 23.0625000000, 22.8125000000, 24.6856937408, 24.0432415008, Fault 0x, 23.9079780578
2026-07-24, 15:15:05, 22.7848052978, 22.6881866455, 22.7848052978, 22.6881866455, 23.1250000000, 23.1875000000, 23.0625000000, 22.8125000000, 24.6856937408, 24.0432415008, Fault 0x, 23.9079780578
2026-07-24, 15:15:07, 22.7848052978, 22.6881866455, 22.7848052978, 22.6881866455, 23.0625000000, 23.1875000000, 23.0625000000, 22.8125000000, 24.6856937408, 24.0432415008, Fault 0x, 23.9079780578
2026-07-24, 15:15:08, 22.7848052978, 22.6881866455, 22.7848052978, 22.6881866455, 23.0625000000, 23.1875000000, 23.0625000000, 22.7500000000, 24.6856937408, 24.0093765258, Fault 0x, 23.8741130828
2026-07-24, 15:15:10, 22.7848052978, 22.6881866455, 22.7848052978, 22.6881866455, 23.1250000000, 23.1875000000, 23.0000000000, 22.7500000000, 24.6520290374, 24.0093765258, Fault 0x, 23.8741130828
2026-07-24, 15:15:12, 22.7848052978, 22.6881866455, 22.7848052978, 22.6881866455, 23.0625000000, 23.1875000000, 23.0000000000, 22.7500000000, 24.6856937408, 24.0432415008, Fault 0x, 23.8741130828
2026-07-24, 15:15:14, 22.7848052978, 22.6881866455, 22.7848052978, 22.6881866455, 23.1250000000, 23.1875000000, 23.0000000000, 22.7500000000, 24.6856937408, 24.0432415008, Fault 0x, 23.8741130828
2026-07-24, 15:15:16, 22.7848052978, 22.6881866455, 22.7848052978, 22.6881866455, 23.0625000000, 23.1250000000, 23.0625000000, 22.7500000000, 24.6856937408, 24.0093765258, Fault 0x, 23.8741130828
2026-07-24, 15:15:17, 22.7848052978, 22.6881866455, 22.7848052978, 22.6881866455, 23.0625000000, 23.1250000000, 23.0000000000, 22.7500000000, 24.6856937408, 24.0093765258, Fault 0x, 23.8402462005
2026-07-24, 15:15:19, 22.7848052978, 22.6881866455, 22.7848052978, 22.6881866455, 23.0625000000, 23.1875000000, 23.0000000000, 22.7500000000, 24.6856937408, 24.0432415008, Fault 0x, 23.8741130828
2026-07-24, 15:15:21, 22.7848052978, 22.6881866455, 22.7848052978, 22.6881866455, 23.0625000000, 23.1250000000, 23.0000000000, 22.7500000000, 24.6856937408, 24.0093765258, Fault 0x, 23.8402462005
2026-07-24, 15:15:23, 22.7848052978, 22.5916748046, 22.7848052978, 22.6881866455, 23.0625000000, 23.1250000000, 23.0625000000, 22.7500000000, 24.6856937408, 24.0093765258, Fault 0x, 23.8402462005
2026-07-24, 15:15:24, 22.7848052978, 22.5916748046, 22.7848052978, 22.6881866455, 23.0625000000, 23.1250000000, 23.0000000000, 22.7500000000, 24.6856937408, 24.0093765258, Fault 0x, 23.8402462005
2026-07-24, 15:15:26, 22.7848052978, 22.5916748046, 22.7848052978, 22.6881866455, 23.0625000000, 23.1875000000, 23.0000000000, 22.7500000000, 24.6856937408, 24.0093765258, Fault 0x, 23.8741130828
2026-07-24, 15:15:28, 22.6881866455, 22.5916748046, 22.7848052978, 22.6881866455, 23.0625000000, 23.1875000000, 23.0000000000, 22.7500000000, 24.7195606231, 24.0432415008, Fault 0x, 23.8402462005
2026-07-24, 15:15:30, 22.6881866455, 22.5916748046, 22.7848052978, 22.6881866455, 23.0625000000, 23.1250000000, 23.0000000000, 22.7500000000, 24.6856937408, 24.0432415008, Fault 0x, 23.8063793182
2026-07-24, 15:15:32, 22.6881866455, 22.5916748046, 22.7848052978, 22.6881866455, 23.0625000000, 23.1250000000, 23.0000000000, 22.7500000000, 24.6856937408, 24.0093765258, Fault 0x, 23.8402462005
2026-07-24, 15:15:33, 22.6881866455, 22.5916748046, 22.7848052978, 22.6881866455, 23.0625000000, 23.1250000000, 23.0000000000, 22.7500000000, 24.7195606231, 24.0093765258, Fault 0x, 23.8063793182
2026-07-24, 15:15:35, 22.6881866455, 22.5916748046, 22.7848052978, 22.6881866455, 23.0625000000, 23.1250000000, 23.0000000000, 22.7500000000, 24.6856937408, 24.0093765258, Fault 0x, 23.8063793182
2026-07-24, 15:15:37, 22.6881866455, 22.5916748046, 22.7848052978, 22.6881866455, 23.0625000000, 23.1250000000, 23.0000000000, 22.7500000000, 24.6856937408, 24.0093765258, Fault 0x, 23.8063793182
2026-07-24, 15:15:39, 22.6881866455, 22.5916748046, 22.6881866455, 22.6881866455, 23.0625000000, 23.1250000000, 23.0000000000, 22.7500000000, 24.7195606231, 24.0093765258, Fault 0x, 23.7727146148
2026-07-24, 15:15:40, 22.6881866455, 22.5916748046, 22.6881866455, 22.6881866455, 23.0000000000, 23.1250000000, 22.9375000000, 22.7500000000, 24.6856937408, 24.0093765258, Fault 0x, 23.7727146148
2026-07-24, 15:15:42, 22.6881866455, 22.5916748046, 22.7848052978, 22.6881866455, 23.0625000000, 23.1250000000, 22.9375000000, 22.7500000000, 24.6856937408, 23.9755096435, Fault 0x, 23.8063793182
2026-07-24, 15:15:44, 22.6881866455, 22.5916748046, 22.6881866455, 22.6881866455, 23.0625000000, 23.1250000000, 22.9375000000, 22.7500000000, 24.6856937408, 23.9755096435, Fault 0x, 23.8063793182
2026-07-24, 15:15:46, 22.6881866455, 22.5916748046, 22.6881866455, 22.6881866455, 23.0625000000, 23.1250000000, 23.0000000000, 22.7500000000, 24.6856937408, 23.9755096435, Fault 0x, 23.7727146148
2026-07-24, 15:15:48, 22.6881866455, 22.5916748046, 22.6881866455, 22.6881866455, 23.0625000000, 23.0625000000, 22.9375000000, 22.7500000000, 24.7195606231, 23.9755096435, Fault 0x, 23.7727146148
2026-07-24, 15:15:49, 22.6881866455, 22.5916748046, 22.6881866455, 22.6881866455, 23.0000000000, 23.1250000000, 22.9375000000, 22.7500000000, 24.6856937408, 24.0093765258, Fault 0x, 23.7727146148
2026-07-24, 15:15:51, 22.6881866455, 22.5916748046, 22.6881866455, 22.6881866455, 23.1250000000, 23.1250000000, 22.9375000000, 22.7500000000, 24.7195606231, 23.9755096435, Fault 0x, 23.7388496398
2026-07-24, 15:15:53, 22.6881866455, 22.5916748046, 22.6881866455, 22.6881866455, 23.0625000000, 23.1250000000, 22.9375000000, 22.7500000000, 24.6856937408, 23.9755096435, Fault 0x, 23.7388496398
2026-07-24, 15:15:55, 22.6881866455, 22.5916748046, 22.6881866455, 22.6881866455, 23.0625000000, 23.1250000000, 23.0000000000, 22.7500000000, 24.6856937408, 23.9755096435, Fault 0x, 23.7727146148
2026-07-24, 15:15:56, 22.6881866455, 22.5916748046, 22.6881866455, 22.6881866455, 23.1250000000, 23.1250000000, 22.9375000000, 22.7500000000, 24.6856937408, 23.9416427612, Fault 0x, 23.7727146148
2026-07-24, 15:15:58, 22.6881866455, 22.5916748046, 22.6881866455, 22.6881866455, 23.0625000000, 23.1250000000, 22.9375000000, 22.6875000000, 24.7195606231, 24.0093765258, Fault 0x, 23.7727146148
2026-07-24, 15:16:00, 22.6881866455, 22.5916748046, 22.6881866455, 22.6881866455, 23.0625000000, 23.1875000000, 22.9375000000, 22.6875000000, 24.6856937408, 24.0093765258, Fault 0x, 23.7727146148
2026-07-24, 15:16:02, 22.6881866455, 22.5916748046, 22.6881866455, 22.6881866455, 23.0625000000, 23.1250000000, 22.9375000000, 22.6875000000, 24.6856937408, 23.9755096435, Fault 0x, 23.8063793182
2026-07-24, 15:16:04, 22.6881866455, 22.5916748046, 22.6881866455, 22.6881866455, 23.0625000000, 23.1875000000, 22.9375000000, 22.7500000000, 24.7195606231, 24.0093765258, Fault 0x, 23.8063793182
2026-07-24, 15:16:05, 22.6881866455, 22.5916748046, 22.6881866455, 22.6881866455, 23.0625000000, 23.1250000000, 22.9375000000, 22.7500000000, 24.7195606231, 24.0432415008, Fault 0x, 23.8063793182
2026-07-24, 15:16:07, 22.6881866455, 22.5916748046, 22.6881866455, 22.6881866455, 23.0625000000, 23.1250000000, 22.9375000000, 22.7500000000, 24.6856937408, 24.0093765258, Fault 0x, 23.8063793182
2026-07-24, 15:16:09, 22.6881866455, 22.5916748046, 22.6881866455, 22.6881866455, 23.1250000000, 23.1250000000, 23.0000000000, 22.6875000000, 24.7195606231, 24.0432415008, Fault 0x, 23.8063793182
2026-07-24, 15:16:11, 22.6881866455, 22.5916748046, 22.6881866455, 22.6881866455, 23.0625000000, 23.1250000000, 22.9375000000, 22.7500000000, 24.7534255981, 24.0432415008, Fault 0x, 23.8063793182
2026-07-24, 15:16:12, 22.6881866455, 22.5916748046, 22.6881866455, 22.6881866455, 23.0625000000, 23.1250000000, 22.9375000000, 22.6875000000, 24.7534255981, 24.0432415008, Fault 0x, 23.8063793182
2026-07-24, 15:16:14, 22.6881866455, 22.5916748046, 22.6881866455, 22.6881866455, 23.0000000000, 23.1250000000, 22.9375000000, 22.6875000000, 24.7195606231, 24.0093765258, Fault 0x, 23.8063793182
2026-07-24, 15:16:16, 22.6881866455, 22.5916748046, 22.6881866455, 22.6881866455, 23.0000000000, 23.1250000000, 22.9375000000, 22.6875000000, 24.7195606231, 24.0432415008, Fault 0x, 23.8063793182
2026-07-24, 15:16:18, 22.6881866455, 22.5916748046, 22.6881866455, 22.6881866455, 23.0000000000, 23.1875000000, 23.0000000000, 22.6875000000, 24.7195606231, 24.0093765258, Fault 0x, 23.8063793182
2026-07-24, 15:16:19, 22.6881866455, 22.5916748046, 22.6881866455, 22.6881866455, 23.0000000000, 23.1250000000, 22.9375000000, 22.6875000000, 24.7195606231, 24.0432415008, Fault 0x, 23.8063793182
2026-07-24, 15:16:21, 22.6881866455, 22.5916748046, 22.6881866455, 22.6881866455, 23.0625000000, 23.0625000000, 22.9375000000, 22.6875000000, 24.7195606231, 24.0432415008, Fault 0x, 23.8063793182
2026-07-24, 15:16:23, 22.5916748046, 22.5916748046, 22.6881866455, 22.6881866455, 23.0625000000, 23.1250000000, 22.9375000000, 22.6875000000, 24.7534255981, 24.0432415008, Fault 0x, 23.8063793182
2026-07-24, 15:16:25, 22.5916748046, 22.5916748046, 22.6881866455, 22.6881866455, 23.0625000000, 23.1875000000, 22.9375000000, 22.6250000000, 24.7195606231, 24.0432415008, Fault 0x, 23.8402462005
2026-07-24, 15:16:27, 22.6881866455, 22.5916748046, 22.6881866455, 22.6881866455, 23.0625000000, 23.1875000000, 22.9375000000, 22.6875000000, 24.7195606231, 24.0771083831, Fault 0x, 23.8402462005
2026-07-24, 15:16:28, 22.6881866455, 22.5916748046, 22.6881866455, 22.6881866455, 23.0625000000, 23.1875000000, 22.9375000000, 22.6250000000, 24.7195606231, 24.0771083831, Fault 0x, 23.8402462005
2026-07-24, 15:16:30, 22.5916748046, 22.5916748046, 22.6881866455, 22.6881866455, 23.0625000000, 23.1875000000, 22.9375000000, 22.6250000000, 24.7534255981, 24.0771083831, Fault 0x, 23.8402462005
2026-07-24, 15:16:32, 22.5916748046, 22.5916748046, 22.6881866455, 22.6881866455, 23.0625000000, 23.1250000000, 22.9375000000, 22.6250000000, 24.7534255981, 24.0771083831, Fault 0x, 23.8741130828
2026-07-24, 15:16:34, 22.6881866455, 22.5916748046, 22.6881866455, 22.6881866455, 23.0625000000, 23.1250000000, 22.9375000000, 22.6250000000, 24.7534255981, 24.0771083831, Fault 0x, 23.8402462005
2026-07-24, 15:16:35, 22.5916748046, 22.5916748046, 22.6881866455, 22.6881866455, 23.0000000000, 23.1250000000, 22.9375000000, 22.6875000000, 24.7534255981, 24.0771083831, Fault 0x, 23.8402462005
2026-07-24, 15:16:37, 22.5916748046, 22.5916748046, 22.5916748046, 22.6881866455, 23.0000000000, 23.1250000000, 22.9375000000, 22.6250000000, 24.7534255981, 24.0771083831, Fault 0x, 23.8402462005
2026-07-24, 15:16:39, 22.5916748046, 22.5916748046, 22.5916748046, 22.6881866455, 23.0625000000, 23.1250000000, 22.9375000000, 22.6875000000, 24.7534255981, 24.0771083831, Fault 0x, 23.8402462005
2026-07-24, 15:16:41, 22.5916748046, 22.5916748046, 22.5916748046, 22.6881866455, 23.0625000000, 23.1250000000, 22.9375000000, 22.6875000000, 24.7534255981, 24.1107730865, Fault 0x, 23.8402462005
2026-07-24, 15:16:43, 22.5916748046, 22.5916748046, 22.5916748046, 22.6881866455, 23.0625000000, 23.1250000000, 22.9375000000, 22.6250000000, 24.7534255981, 24.1107730865, Fault 0x, 23.8741130828
2026-07-24, 15:16:44, 22.5916748046, 22.5916748046, 22.5916748046, 22.6881866455, 23.0000000000, 23.1250000000, 22.9375000000, 22.6875000000, 24.7534255981, 24.1107730865, Fault 0x, 23.8402462005
2026-07-24, 15:16:46, 22.5916748046, 22.5916748046, 22.5916748046, 22.6881866455, 23.0000000000, 23.1875000000, 22.9375000000, 22.6875000000, 24.7195606231, 24.1107730865, Fault 0x, 23.8063793182
2026-07-24, 15:16:48, 22.5916748046, 22.5916748046, 22.6881866455, 22.6881866455, 23.0625000000, 23.1250000000, 22.9375000000, 22.6875000000, 24.7195606231, 24.0771083831, Fault 0x, 23.8402462005
2026-07-24, 15:16:50, 22.5916748046, 22.5916748046, 22.5916748046, 22.6881866455, 23.0000000000, 23.1250000000, 22.9375000000, 22.6250000000, 24.7534255981, 24.0771083831, Fault 0x, 23.8402462005
2026-07-24, 15:16:51, 22.5916748046, 22.5916748046, 22.5916748046, 22.6881866455, 23.0000000000, 23.1875000000, 22.9375000000, 22.6250000000, 24.7195606231, 24.0771083831, Fault 0x, 23.8402462005
2026-07-24, 15:16:53, 22.5916748046, 22.5916748046, 22.6881866455, 22.6881866455, 23.0000000000, 23.1250000000, 22.9375000000, 22.6875000000, 24.7195606231, 24.0771083831, Fault 0x, 23.8402462005
2026-07-24, 15:16:55, 22.5916748046, 22.5916748046, 22.6881866455, 22.6881866455, 23.0625000000, 23.1875000000, 22.9375000000, 22.6250000000, 24.7534255981, 24.1107730865, Fault 0x, 23.8741130828
2026-07-24, 15:16:57, 22.5916748046, 22.5916748046, 22.5916748046, 22.6881866455, 23.0000000000, 23.1875000000, 22.9375000000, 22.6250000000, 24.7870903015, 24.1446399688, Fault 0x, 23.8402462005
2026-07-24, 15:16:59, 22.6881866455, 22.5916748046, 22.6881866455, 22.6881866455, 23.0000000000, 23.1250000000, 22.9375000000, 22.6875000000, 24.7534255981, 24.1107730865, Fault 0x, 23.8741130828
2026-07-24, 15:17:00, 22.5916748046, 22.5916748046, 22.5916748046, 22.6881866455, 23.0625000000, 23.1875000000, 22.9375000000, 22.6875000000, 24.7195606231, 24.1446399688, Fault 0x, 23.8741130828
2026-07-24, 15:17:02, 22.5916748046, 22.5916748046, 22.6881866455, 22.7848052978, 23.0000000000, 23.1875000000, 22.9375000000, 22.6875000000, 24.7534255981, 24.1107730865, Fault 0x, 23.8741130828
2026-07-24, 15:17:04, 22.6881866455, 22.5916748046, 22.6881866455, 22.6881866455, 23.0000000000, 23.1875000000, 22.9375000000, 22.6250000000, 24.7870903015, 24.1446399688, Fault 0x, 23.9079780578
2026-07-24, 15:17:06, 22.6881866455, 22.5916748046, 22.5916748046, 22.6881866455, 23.0000000000, 23.1250000000, 22.9375000000, 22.6250000000, 24.7534255981, 24.1107730865, Fault 0x, 23.9079780578
2026-07-24, 15:17:07, 22.6881866455, 22.5916748046, 22.6881866455, 22.6881866455, 23.0000000000, 23.1875000000, 22.9375000000, 22.6875000000, 24.7534255981, 24.1107730865, Fault 0x, 23.9416427612
2026-07-24, 15:17:09, 22.6881866455, 22.5916748046, 22.6881866455, 22.6881866455, 23.0000000000, 23.1875000000, 22.9375000000, 22.6250000000, 24.7534255981, 24.1446399688, Fault 0x, 23.9079780578
2026-07-24, 15:17:11, 22.6881866455, 22.5916748046, 22.6881866455, 22.6881866455, 23.0000000000, 23.1875000000, 22.9375000000, 22.6250000000, 24.7534255981, 24.1446399688, Fault 0x, 23.9079780578
2026-07-24, 15:17:13, 22.6881866455, 22.5916748046, 22.6881866455, 22.6881866455, 23.0625000000, 23.1875000000, 22.9375000000, 22.6250000000, 24.7870903015, 24.1446399688, Fault 0x, 23.9079780578
2026-07-24, 15:17:15, 22.6881866455, 22.5916748046, 22.5916748046, 22.6881866455, 23.0625000000, 23.1875000000, 22.9375000000, 22.6250000000, 24.7534255981, 24.1107730865, Fault 0x, 23.9079780578
2026-07-24, 15:17:16, 22.6881866455, 22.5916748046, 22.6881866455, 22.6881866455, 23.0000000000, 23.1875000000, 23.0000000000, 22.6875000000, 24.7870903015, 24.1446399688, Fault 0x, 23.9079780578
2026-07-24, 15:17:18, 22.5916748046, 22.5916748046, 22.6881866455, 22.6881866455, 23.0000000000, 23.1875000000, 22.9375000000, 22.6250000000, 24.7534255981, 24.1446399688, Fault 0x, 23.9079780578
2026-07-24, 15:17:20, 22.6881866455, 22.5916748046, 22.6881866455, 22.6881866455, 23.0000000000, 23.1250000000, 22.9375000000, 22.6250000000, 24.7534255981, 24.1446399688, Fault 0x, 23.9079780578
2026-07-24, 15:17:22, 22.5916748046, 22.5916748046, 22.6881866455, 22.6881866455, 23.0000000000, 23.1250000000, 22.9375000000, 22.6250000000, 24.7534255981, 24.1785049438, Fault 0x, 23.9079780578
2026-07-24, 15:17:23, 22.5916748046, 22.5916748046, 22.5916748046, 22.6881866455, 23.0000000000, 23.1250000000, 22.9375000000, 22.6250000000, 24.7534255981, 24.1446399688, Fault 0x, 23.9079780578
2026-07-24, 15:17:25, 22.5916748046, 22.5916748046, 22.6881866455, 22.6881866455, 23.0625000000, 23.1250000000, 22.9375000000, 22.6250000000, 24.7534255981, 24.1446399688, Fault 0x, 23.8741130828
2026-07-24, 15:17:27, 22.5916748046, 22.5916748046, 22.5916748046, 22.6881866455, 23.0000000000, 23.1250000000, 22.9375000000, 22.6250000000, 24.7534255981, 24.1446399688, Fault 0x, 23.9079780578
2026-07-24, 15:17:29, 22.6881866455, 22.5916748046, 22.5916748046, 22.6881866455, 23.0000000000, 23.1250000000, 22.9375000000, 22.6875000000, 24.7534255981, 24.1785049438, Fault 0x, 23.9079780578
2026-07-24, 15:17:31, 22.5916748046, 22.5916748046, 22.5916748046, 22.6881866455, 23.0625000000, 23.1250000000, 22.9375000000, 22.6250000000, 24.7534255981, 24.1785049438, Fault 0x, 23.8741130828
2026-07-24, 15:17:32, 22.6881866455, 22.5916748046, 22.6881866455, 22.6881866455, 23.0625000000, 23.1250000000, 22.9375000000, 22.6250000000, 24.7870903015, 24.1785049438, Fault 0x, 23.8741130828
2026-07-24, 15:17:34, 22.6881866455, 22.5916748046, 22.6881866455, 22.7848052978, 23.0000000000, 23.1875000000, 22.9375000000, 22.6250000000, 24.7534255981, 24.1785049438, Fault 0x, 23.9079780578
2026-07-24, 15:17:36, 22.6881866455, 22.5916748046, 22.5916748046, 22.7848052978, 23.0625000000, 23.1250000000, 22.9375000000, 22.6250000000, 24.7534255981, 24.1446399688, Fault 0x, 23.9416427612
2026-07-24, 15:17:38, 22.6881866455, 22.6881866455, 22.5916748046, 22.6881866455, 23.0000000000, 23.1250000000, 23.0000000000, 22.6250000000, 24.7534255981, 24.1785049438, Fault 0x, 23.9079780578
2026-07-24, 15:17:39, 22.6881866455, 22.5916748046, 22.6881866455, 22.6881866455, 23.0000000000, 23.1250000000, 22.9375000000, 22.6250000000, 24.7534255981, 24.1785049438, Fault 0x, 23.9079780578
2026-07-24, 15:17:41, 22.6881866455, 22.5916748046, 22.5916748046, 22.6881866455, 23.0625000000, 23.1250000000, 22.9375000000, 22.6250000000, 24.7534255981, 24.1785049438, Fault 0x, 23.9079780578
2026-07-24, 15:17:43, 22.6881866455, 22.5916748046, 22.5916748046, 22.6881866455, 23.0625000000, 23.1250000000, 22.9375000000, 22.6250000000, 24.7870903015, 24.1446399688, Fault 0x, 23.9079780578
2026-07-24, 15:17:45, 22.5916748046, 22.5916748046, 22.5916748046, 22.6881866455, 23.0625000000, 23.1250000000, 22.9375000000, 22.6250000000, 24.7195606231, 24.1107730865, Fault 0x, 23.9079780578
2026-07-24, 15:17:47, 22.6881866455, 22.5916748046, 22.5916748046, 22.6881866455, 23.0000000000, 23.1250000000, 22.9375000000, 22.6250000000, 24.7534255981, 24.1446399688, Fault 0x, 23.9079780578
2026-07-24, 15:17:48, 22.6881866455, 22.5916748046, 22.5916748046, 22.6881866455, 23.0000000000, 23.1250000000, 22.9375000000, 22.6250000000, 24.7195606231, 24.1785049438, Fault 0x, 23.8741130828
2026-07-24, 15:17:50, 22.6881866455, 22.5916748046, 22.6881866455, 22.6881866455, 23.0000000000, 23.1250000000, 22.9375000000, 22.6250000000, 24.7534255981, 24.1446399688, Fault 0x, 23.8741130828
2026-07-24, 15:17:52, 22.6881866455, 22.5916748046, 22.5916748046, 22.6881866455, 23.0000000000, 23.1250000000, 22.9375000000, 22.6250000000, 24.7195606231, 24.1446399688, Fault 0x, 23.8741130828
2026-07-24, 15:17:54, 22.6881866455, 22.5916748046, 22.5916748046, 22.6881866455, 23.0625000000, 23.1875000000, 22.9375000000, 22.6250000000, 24.7195606231, 24.1785049438, Fault 0x, 23.8741130828
2026-07-24, 15:17:55, 22.6881866455, 22.5916748046, 22.5916748046, 22.6881866455, 23.0000000000, 23.1250000000, 22.9375000000, 22.6250000000, 24.7195606231, 24.1107730865, Fault 0x, 23.9079780578
2026-07-24, 15:17:57, 22.6881866455, 22.5916748046, 22.5916748046, 22.6881866455, 23.0000000000, 23.1250000000, 22.9375000000, 22.6250000000, 24.7195606231, 24.1446399688, Fault 0x, 23.8741130828
2026-07-24, 15:17:59, 22.6881866455, 22.5916748046, 22.6881866455, 22.6881866455, 23.0000000000, 23.1875000000, 22.9375000000, 22.6250000000, 24.7195606231, 24.1785049438, Fault 0x, 23.9079780578
2026-07-24, 15:18:01, 22.6881866455, 22.5916748046, 22.6881866455, 22.6881866455, 23.0000000000, 23.1875000000, 22.9375000000, 22.6250000000, 24.7195606231, 24.1446399688, Fault 0x, 23.9079780578
2026-07-24, 15:18:03, 22.6881866455, 22.6881866455, 22.5916748046, 22.6881866455, 23.0625000000, 23.1875000000, 22.9375000000, 22.6250000000, 24.7195606231, 24.1785049438, Fault 0x, 23.9079780578
2026-07-24, 15:18:04, 22.6881866455, 22.6881866455, 22.5916748046, 22.6881866455, 23.0000000000, 23.1250000000, 22.9375000000, 22.6250000000, 24.7195606231, 24.1785049438, Fault 0x, 23.9079780578
2026-07-24, 15:18:06, 22.6881866455, 22.6881866455, 22.6881866455, 22.6881866455, 23.0625000000, 23.1875000000, 23.0000000000, 22.6250000000, 24.7534255981, 24.1446399688, Fault 0x, 23.9079780578
2026-07-24, 15:18:08, 22.6881866455, 22.6881866455, 22.5916748046, 22.6881866455, 23.0000000000, 23.1875000000, 22.9375000000, 22.6250000000, 24.7195606231, 24.1446399688, Fault 0x, 23.9079780578
2026-07-24, 15:18:10, 22.6881866455, 22.6881866455, 22.6881866455, 22.6881866455, 23.0000000000, 23.1250000000, 22.9375000000, 22.6250000000, 24.6856937408, 24.1785049438, Fault 0x, 23.9416427612
2026-07-24, 15:18:11, 22.6881866455, 22.6881866455, 22.5916748046, 22.6881866455, 23.0000000000, 23.1250000000, 23.0000000000, 22.6250000000, 24.7195606231, 24.1446399688, Fault 0x, 23.9079780578
2026-07-24, 15:18:13, 22.6881866455, 22.6881866455, 22.5916748046, 22.6881866455, 23.0625000000, 23.1250000000, 22.9375000000, 22.6250000000, 24.7534255981, 24.1785049438, Fault 0x, 23.9416427612
2026-07-24, 15:18:15, 22.6881866455, 22.6881866455, 22.6881866455, 22.6881866455, 23.0625000000, 23.1250000000, 22.9375000000, 22.6250000000, 24.7195606231, 24.1446399688, Fault 0x, 23.9416427612
2026-07-24, 15:18:17, 22.6881866455, 22.6881866455, 22.6881866455, 22.6881866455, 23.0000000000, 23.1875000000, 22.9375000000, 22.6250000000, 24.7195606231, 24.1785049438, Fault 0x, 23.9755096435
2026-07-24, 15:18:18, 22.6881866455, 22.6881866455, 22.5916748046, 22.6881866455, 23.0000000000, 23.1250000000, 22.9375000000, 22.6250000000, 24.7534255981, 24.1785049438, Fault 0x, 23.9416427612
2026-07-24, 15:18:20, 22.6881866455, 22.5916748046, 22.5916748046, 22.6881866455, 23.0000000000, 23.1875000000, 22.9375000000, 22.6250000000, 24.7195606231, 24.1785049438, Fault 0x, 23.9416427612
2026-07-24, 15:18:22, 22.6881866455, 22.6881866455, 22.5916748046, 22.6881866455, 23.0000000000, 23.1250000000, 22.9375000000, 22.6250000000, 24.7534255981, 24.1785049438, Fault 0x, 23.9755096435
2026-07-24, 15:18:24, 22.6881866455, 22.6881866455, 22.5916748046, 22.6881866455, 23.0000000000, 23.1250000000, 22.9375000000, 22.6250000000, 24.7195606231, 24.1785049438, Fault 0x, 23.9416427612
2026-07-24, 15:18:26, 22.6881866455, 22.5916748046, 22.5916748046, 22.6881866455, 23.0000000000, 23.1875000000, 22.9375000000, 22.6250000000, 24.7534255981, 24.1785049438, Fault 0x, 23.9079780578
2026-07-24, 15:18:27, 22.6881866455, 22.5916748046, 22.5916748046, 22.6881866455, 23.0000000000, 23.1250000000, 22.9375000000, 22.6250000000, 24.7534255981, 24.1785049438, Fault 0x, 23.9755096435
2026-07-24, 15:18:29, 22.6881866455, 22.5916748046, 22.5916748046, 22.6881866455, 23.0000000000, 23.1250000000, 22.9375000000, 22.6250000000, 24.7195606231, 24.1785049438, Fault 0x, 23.9416427612
2026-07-24, 15:18:31, 22.6881866455, 22.5916748046, 22.5916748046, 22.6881866455, 23.0000000000, 23.1250000000, 22.9375000000, 22.6250000000, 24.7195606231, 24.1446399688, Fault 0x, 23.9079780578
2026-07-24, 15:18:33, 22.6881866455, 22.5916748046, 22.5916748046, 22.6881866455, 23.0000000000, 23.1250000000, 22.9375000000, 22.6250000000, 24.7195606231, 24.1785049438, Fault 0x, 23.9416427612
2026-07-24, 15:18:34, 22.6881866455, 22.5916748046, 22.5916748046, 22.6881866455, 23.0000000000, 23.1250000000, 22.9375000000, 22.6250000000, 24.7195606231, 24.1785049438, Fault 0x, 23.9416427612
2026-07-24, 15:18:36, 22.6881866455, 22.5916748046, 22.5916748046, 22.6881866455, 23.0000000000, 23.1250000000, 22.9375000000, 22.6250000000, 24.7195606231, 24.1446399688, Fault 0x, 23.9079780578
2026-07-24, 15:18:38, 22.6881866455, 22.5916748046, 22.5916748046, 22.6881866455, 23.0000000000, 23.1250000000, 22.9375000000, 22.6250000000, 24.7195606231, 24.1446399688, Fault 0x, 23.9079780578
2026-07-24, 15:18:40, 22.6881866455, 22.5916748046, 22.5916748046, 22.6881866455, 22.9375000000, 23.0625000000, 22.9375000000, 22.6250000000, 24.6856937408, 24.1446399688, Fault 0x, 23.9079780578
2026-07-24, 15:18:42, 22.5916748046, 22.5916748046, 22.5916748046, 22.6881866455, 23.0000000000, 23.1250000000, 22.9375000000, 22.6250000000, 24.6856937408, 24.1446399688, Fault 0x, 23.9079780578
2026-07-24, 15:18:43, 22.6881866455, 22.5916748046, 22.5916748046, 22.6881866455, 23.0000000000, 23.1250000000, 22.8750000000, 22.6250000000, 24.6856937408, 24.1107730865, Fault 0x, 23.9079780578
2026-07-24, 15:18:45, 22.5916748046, 22.5916748046, 22.5916748046, 22.6881866455, 23.0000000000, 23.1250000000, 22.9375000000, 22.6250000000, 24.7195606231, 24.1107730865, Fault 0x, 23.8741130828
2026-07-24, 15:18:47, 22.5916748046, 22.5916748046, 22.5916748046, 22.6881866455, 23.0000000000, 23.1250000000, 22.8750000000, 22.6250000000, 24.6856937408, 24.1107730865, Fault 0x, 23.9079780578
2026-07-24, 15:18:49, 22.5916748046, 22.5916748046, 22.5916748046, 22.6881866455, 23.0000000000, 23.1250000000, 22.9375000000, 22.6250000000, 24.6856937408, 24.1107730865, Fault 0x, 23.8741130828
2026-07-24, 15:18:50, 22.5916748046, 22.5916748046, 22.5916748046, 22.6881866455, 23.0000000000, 23.1250000000, 22.8750000000, 22.5625000000, 24.6856937408, 24.1107730865, Fault 0x, 23.8741130828
2026-07-24, 15:18:52, 22.5916748046, 22.5916748046, 22.5916748046, 22.6881866455, 23.0000000000, 23.1250000000, 22.8750000000, 22.6250000000, 24.6856937408, 24.0771083831, Fault 0x, 23.8402462005
2026-07-24, 15:18:54, 22.5916748046, 22.5916748046, 22.5916748046, 22.6881866455, 23.0000000000, 23.1250000000, 22.8750000000, 22.5625000000, 24.6856937408, 24.1107730865, Fault 0x, 23.8402462005
2026-07-24, 15:18:56, 22.5916748046, 22.5916748046, 22.5916748046, 22.6881866455, 23.0000000000, 23.1250000000, 22.8750000000, 22.5625000000, 24.6856937408, 24.1107730865, Fault 0x, 23.8402462005
2026-07-24, 15:18:58, 22.5916748046, 22.5916748046, 22.5916748046, 22.6881866455, 23.0000000000, 23.1250000000, 22.8750000000, 22.5625000000, 24.6856937408, 24.1107730865, Fault 0x, 23.8402462005
2026-07-24, 15:18:59, 22.5916748046, 22.5916748046, 22.5916748046, 22.6881866455, 23.0000000000, 23.1250000000, 22.8750000000, 22.5625000000, 24.7195606231, 24.1107730865, Fault 0x, 23.8402462005
2026-07-24, 15:19:01, 22.5916748046, 22.5916748046, 22.5916748046, 22.6881866455, 23.0000000000, 23.1250000000, 22.8750000000, 22.6250000000, 24.7195606231, 24.0771083831, Fault 0x, 23.8402462005
2026-07-24, 15:19:03, 22.5916748046, 22.5916748046, 22.5916748046, 22.6881866455, 22.9375000000, 23.1250000000, 22.8750000000, 22.5625000000, 24.7195606231, 24.1107730865, Fault 0x, 23.8402462005
2026-07-24, 15:19:05, 22.5916748046, 22.5916748046, 22.5916748046, 22.6881866455, 23.0000000000, 23.1250000000, 22.8750000000, 22.5625000000, 24.7195606231, 24.1107730865, Fault 0x, 23.8402462005
2026-07-24, 15:19:06, 22.5916748046, 22.5916748046, 22.5916748046, 22.6881866455, 23.0000000000, 23.1250000000, 22.9375000000, 22.6250000000, 24.6856937408, 24.1107730865, Fault 0x, 23.8402462005
2026-07-24, 15:19:08, 22.5916748046, 22.5916748046, 22.5916748046, 22.6881866455, 23.0000000000, 23.1250000000, 22.8750000000, 22.5625000000, 24.7195606231, 24.1107730865, Fault 0x, 23.8741130828
2026-07-24, 15:19:10, 22.5916748046, 22.5916748046, 22.5916748046, 22.6881866455, 23.0000000000, 23.1250000000, 22.8750000000, 22.5625000000, 24.7195606231, 24.1107730865, Fault 0x, 23.8741130828
2026-07-24, 15:19:12, 22.5916748046, 22.5916748046, 22.5916748046, 22.6881866455, 23.0000000000, 23.1250000000, 22.8750000000, 22.5625000000, 24.7195606231, 24.1107730865, Fault 0x, 23.8741130828
2026-07-24, 15:19:14, 22.5916748046, 22.5916748046, 22.5916748046, 22.6881866455, 23.0625000000, 23.1250000000, 22.8750000000, 22.5625000000, 24.7195606231, 24.1107730865, Fault 0x, 23.8741130828
2026-07-24, 15:19:15, 22.5916748046, 22.5916748046, 22.5916748046, 22.6881866455, 23.0625000000, 23.1250000000, 22.8750000000, 22.5625000000, 24.7195606231, 24.1107730865, Fault 0x, 23.8402462005
2026-07-24, 15:19:17, 22.5916748046, 22.5916748046, 22.5916748046, 22.6881866455, 23.0000000000, 23.1250000000, 22.9375000000, 22.5625000000, 24.7195606231, 24.1107730865, Fault 0x, 23.8741130828
2026-07-24, 15:19:19, 22.5916748046, 22.5916748046, 22.5916748046, 22.6881866455, 23.0000000000, 23.1250000000, 22.8750000000, 22.5625000000, 24.7534255981, 24.1107730865, Fault 0x, 23.8741130828
2026-07-24, 15:19:21, 22.5916748046, 22.5916748046, 22.5916748046, 22.6881866455, 23.0000000000, 23.1250000000, 22.8750000000, 22.5625000000, 24.7195606231, 24.1107730865, Fault 0x, 23.9079780578
2026-07-24, 15:19:22, 22.5916748046, 22.5916748046, 22.5916748046, 22.6881866455, 23.0000000000, 23.1875000000, 22.8750000000, 22.5625000000, 24.7195606231, 24.1107730865, Fault 0x, 23.8741130828
2026-07-24, 15:19:24, 22.5916748046, 22.5916748046, 22.5916748046, 22.6881866455, 23.0000000000, 23.1250000000, 22.8750000000, 22.5625000000, 24.7195606231, 24.0771083831, Fault 0x, 23.8741130828
2026-07-24, 15:19:26, 22.5916748046, 22.5916748046, 22.5916748046, 22.6881866455, 23.0000000000, 23.1250000000, 22.8750000000, 22.5625000000, 24.6856937408, 24.0771083831, Fault 0x, 23.9079780578
2026-07-24, 15:19:28, 22.5916748046, 22.5916748046, 22.5916748046, 22.6881866455, 23.0000000000, 23.1250000000, 22.8750000000, 22.5625000000, 24.7195606231, 24.1107730865, Fault 0x, 23.8741130828
2026-07-24, 15:19:30, 22.5916748046, 22.5916748046, 22.5916748046, 22.6881866455, 23.0000000000, 23.1250000000, 22.8750000000, 22.5625000000, 24.6856937408, 24.1446399688, Fault 0x, 23.8741130828
2026-07-24, 15:19:31, 22.5916748046, 22.5916748046, 22.5916748046, 22.6881866455, 23.0000000000, 23.0625000000, 22.8125000000, 22.5625000000, 24.6856937408, 24.0771083831, Fault 0x, 23.8741130828
2026-07-24, 15:19:33, 22.5916748046, 22.5916748046, 22.5916748046, 22.6881866455, 23.0000000000, 23.0625000000, 22.8750000000, 22.5625000000, 24.7195606231, 24.0771083831, Fault 0x, 23.8741130828
2026-07-24, 15:19:35, 22.5916748046, 22.5916748046, 22.5916748046, 22.6881866455, 23.0000000000, 23.1250000000, 22.8750000000, 22.5625000000, 24.6856937408, 24.0771083831, Fault 0x, 23.9079780578
2026-07-24, 15:19:37, 22.5916748046, 22.5916748046, 22.5916748046, 22.6881866455, 23.0000000000, 23.1250000000, 22.8750000000, 22.6250000000, 24.6856937408, 24.0771083831, Fault 0x, 23.8402462005
2026-07-24, 15:19:38, 22.5916748046, 22.5916748046, 22.5916748046, 22.6881866455, 22.9375000000, 23.0625000000, 22.8750000000, 22.6250000000, 24.6856937408, 24.0771083831, Fault 0x, 23.8402462005
2026-07-24, 15:19:40, 22.5916748046, 22.5916748046, 22.5916748046, 22.6881866455, 23.0000000000, 23.1250000000, 22.8750000000, 22.5625000000, 24.6856937408, 24.0432415008, Fault 0x, 23.8741130828
2026-07-24, 15:19:42, 22.5916748046, 22.5916748046, 22.5916748046, 22.6881866455, 23.0000000000, 23.1250000000, 22.8750000000, 22.5625000000, 24.6856937408, 24.0771083831, Fault 0x, 23.8741130828
2026-07-24, 15:19:44, 22.5916748046, 22.5916748046, 22.5916748046, 22.6881866455, 23.0000000000, 23.1250000000, 22.9375000000, 22.6250000000, 24.7195606231, 24.0771083831, Fault 0x, 23.8741130828
2026-07-24, 15:19:46, 22.5916748046, 22.5916748046, 22.5916748046, 22.6881866455, 22.9375000000, 23.0625000000, 22.8750000000, 22.6250000000, 24.6856937408, 24.0771083831, Fault 0x, 23.8402462005
2026-07-24, 15:19:47, 22.5916748046, 22.5916748046, 22.5916748046, 22.6881866455, 22.9375000000, 23.0625000000, 22.9375000000, 22.5625000000, 24.6520290374, 24.0432415008, Fault 0x, 23.8402462005
2026-07-24, 15:19:49, 22.5916748046, 22.5916748046, 22.5916748046, 22.6881866455, 23.0000000000, 23.1250000000, 22.8750000000, 22.5625000000, 24.6856937408, 24.0771083831, Fault 0x, 23.8402462005
2026-07-24, 15:19:51, 22.5916748046, 22.5916748046, 22.5916748046, 22.6881866455, 22.9375000000, 23.0625000000, 22.8750000000, 22.5625000000, 24.6520290374, 24.0432415008, Fault 0x, 23.8402462005
2026-07-24, 15:19:53, 22.5916748046, 22.5916748046, 22.5916748046, 22.6881866455, 22.9375000000, 23.1250000000, 22.8750000000, 22.5625000000, 24.6856937408, 24.0771083831, Fault 0x, 23.8402462005
2026-07-24, 15:19:54, 22.5916748046, 22.5916748046, 22.5916748046, 22.6881866455, 22.9375000000, 23.1250000000, 22.8750000000, 22.5625000000, 24.6856937408, 24.0771083831, Fault 0x, 23.8402462005
2026-07-24, 15:19:56, 22.5916748046, 22.5916748046, 22.5916748046, 22.6881866455, 22.9375000000, 23.0625000000, 22.8750000000, 22.5625000000, 24.6856937408, 24.0771083831, Fault 0x, 23.8402462005
2026-07-24, 15:19:58, 22.5916748046, 22.5916748046, 22.5916748046, 22.6881866455, 23.0000000000, 23.0625000000, 22.8750000000, 22.5625000000, 24.6520290374, 24.0771083831, Fault 0x, 23.8741130828
2026-07-24, 15:20:00, 22.5916748046, 22.5916748046, 22.5916748046, 22.6881866455, 22.9375000000, 23.1250000000, 22.8750000000, 22.5625000000, 24.6520290374, 24.0771083831, Fault 0x, 23.8741130828
2026-07-24, 15:20:02, 22.5916748046, 22.5916748046, 22.5916748046, 22.6881866455, 22.9375000000, 23.0625000000, 22.8750000000, 22.5625000000, 24.6520290374, 24.0771083831, Fault 0x, 23.8402462005
2026-07-24, 15:20:03, 22.5916748046, 22.5916748046, 22.5916748046, 22.6881866455, 22.9375000000, 23.1250000000, 22.8750000000, 22.5625000000, 24.6856937408, 24.0771083831, Fault 0x, 23.8741130828
2026-07-24, 15:20:05, 22.5916748046, 22.5916748046, 22.5916748046, 22.6881866455, 22.9375000000, 23.1250000000, 22.8750000000, 22.5625000000, 24.6856937408, 24.0771083831, Fault 0x, 23.8402462005
2026-07-24, 15:20:07, 22.5916748046, 22.5916748046, 22.5916748046, 22.5916748046, 22.9375000000, 23.0625000000, 22.8750000000, 22.5625000000, 24.6856937408, 24.1107730865, Fault 0x, 23.8402462005
2026-07-24, 15:20:09, 22.5916748046, 22.5916748046, 22.5916748046, 22.6881866455, 22.9375000000, 23.0625000000, 22.8750000000, 22.5000000000, 24.6856937408, 24.1107730865, Fault 0x, 23.8741130828
2026-07-24, 15:20:10, 22.5916748046, 22.5916748046, 22.5916748046, 22.6881866455, 22.9375000000, 23.0625000000, 22.8750000000, 22.5625000000, 24.6856937408, 24.1107730865, Fault 0x, 23.8741130828
2026-07-24, 15:20:12, 22.5916748046, 22.5916748046, 22.5916748046, 22.6881866455, 23.0000000000, 23.0625000000, 22.8125000000, 22.5625000000, 24.6856937408, 24.1107730865, Fault 0x, 23.8402462005
2026-07-24, 15:20:14, 22.5916748046, 22.5916748046, 22.5916748046, 22.6881866455, 23.0000000000, 23.1250000000, 22.8750000000, 22.5625000000, 24.6856937408, 24.1107730865, Fault 0x, 23.8741130828
2026-07-24, 15:20:16, 22.5916748046, 22.5916748046, 22.5916748046, 22.6881866455, 23.0000000000, 23.1250000000, 22.8750000000, 22.5000000000, 24.7195606231, 24.1107730865, Fault 0x, 23.8741130828
2026-07-24, 15:20:17, 22.5916748046, 22.5916748046, 22.5916748046, 22.6881866455, 22.9375000000, 23.0625000000, 22.8750000000, 22.5000000000, 24.6856937408, 24.1107730865, Fault 0x, 23.8402462005
2026-07-24, 15:20:19, 22.5916748046, 22.5916748046, 22.5916748046, 22.6881866455, 23.0000000000, 23.0625000000, 22.8750000000, 22.5625000000, 24.6856937408, 24.1107730865, Fault 0x, 23.8402462005
2026-07-24, 15:20:21, 22.5916748046, 22.5916748046, 22.5916748046, 22.6881866455, 23.0000000000, 23.0625000000, 22.8750000000, 22.5625000000, 24.7195606231, 24.0771083831, Fault 0x, 23.8741130828
2026-07-24, 15:20:23, 22.5916748046, 22.5916748046, 22.5916748046, 22.6881866455, 22.9375000000, 23.0625000000, 22.8125000000, 22.5625000000, 24.7195606231, 24.1107730865, Fault 0x, 23.8402462005
2026-07-24, 15:20:25, 22.5916748046, 22.5916748046, 22.5916748046, 22.6881866455, 23.0000000000, 23.1250000000, 22.8125000000, 22.5625000000, 24.7195606231, 24.0771083831, Fault 0x, 23.8063793182
2026-07-24, 15:20:26, 22.5916748046, 22.5916748046, 22.5916748046, 22.6881866455, 22.9375000000, 23.1250000000, 22.8125000000, 22.5000000000, 24.7195606231, 24.0771083831, Fault 0x, 23.8741130828
2026-07-24, 15:20:28, 22.5916748046, 22.5916748046, 22.5916748046, 22.6881866455, 22.9375000000, 23.1250000000, 22.8750000000, 22.5625000000, 24.6856937408, 24.1107730865, Fault 0x, 23.8402462005
2026-07-24, 15:20:30, 22.5916748046, 22.5916748046, 22.5916748046, 22.6881866455, 22.9375000000, 23.1250000000, 22.8125000000, 22.5000000000, 24.6856937408, 24.0771083831, Fault 0x, 23.8402462005
2026-07-24, 15:20:32, 22.5916748046, 22.5916748046, 22.5916748046, 22.6881866455, 22.9375000000, 23.0625000000, 22.8750000000, 22.5625000000, 24.6856937408, 24.1107730865, Fault 0x, 23.8402462005
2026-07-24, 15:20:33, 22.5916748046, 22.5916748046, 22.5916748046, 22.6881866455, 22.9375000000, 23.1250000000, 22.8750000000, 22.5000000000, 24.6856937408, 24.1107730865, Fault 0x, 23.8402462005
2026-07-24, 15:20:35, 22.5916748046, 22.5916748046, 22.5916748046, 22.6881866455, 23.0000000000, 23.0625000000, 22.8750000000, 22.5000000000, 24.6856937408, 24.1107730865, Fault 0x, 23.8402462005
2026-07-24, 15:20:37, 22.5916748046, 22.5916748046, 22.5916748046, 22.6881866455, 23.0000000000, 23.0625000000, 22.8750000000, 22.5000000000, 24.6856937408, 24.0771083831, Fault 0x, 23.8741130828
2026-07-24, 15:20:39, 22.5916748046, 22.5916748046, 22.4951324462, 22.6881866455, 22.9375000000, 23.1250000000, 22.8125000000, 22.5000000000, 24.6856937408, 24.0771083831, Fault 0x, 23.8402462005
2026-07-24, 15:20:41, 22.5916748046, 22.5916748046, 22.5916748046, 22.6881866455, 23.0000000000, 23.0625000000, 22.8125000000, 22.5000000000, 24.6856937408, 24.1107730865, Fault 0x, 23.8402462005
2026-07-24, 15:20:42, 22.5916748046, 22.5916748046, 22.5916748046, 22.6881866455, 22.9375000000, 23.0625000000, 22.8750000000, 22.5000000000, 24.6520290374, 24.0771083831, Fault 0x, 23.8402462005
2026-07-24, 15:20:44, 22.5916748046, 22.5916748046, 22.5916748046, 22.6881866455, 22.9375000000, 23.1250000000, 22.8750000000, 22.5000000000, 24.7195606231, 24.0771083831, Fault 0x, 23.8402462005
2026-07-24, 15:20:46, 22.5916748046, 22.5916748046, 22.5916748046, 22.6881866455, 22.9375000000, 23.0625000000, 22.8750000000, 22.5000000000, 24.6856937408, 24.0771083831, Fault 0x, 23.8402462005
2026-07-24, 15:20:48, 22.5916748046, 22.5916748046, 22.5916748046, 22.6881866455, 22.9375000000, 23.1250000000, 22.8125000000, 22.5000000000, 24.6856937408, 24.0771083831, Fault 0x, 23.8063793182
2026-07-24, 15:20:49, 22.5916748046, 22.5916748046, 22.5916748046, 22.6881866455, 22.9375000000, 23.0625000000, 22.8750000000, 22.5625000000, 24.6856937408, 24.0771083831, Fault 0x, 23.8402462005
2026-07-24, 15:20:51, 22.5916748046, 22.5916748046, 22.5916748046, 22.6881866455, 22.9375000000, 23.1250000000, 22.8750000000, 22.5625000000, 24.6856937408, 24.0771083831, Fault 0x, 23.8402462005
2026-07-24, 15:20:53, 22.5916748046, 22.5916748046, 22.5916748046, 22.6881866455, 22.9375000000, 23.0625000000, 22.8125000000, 22.5000000000, 24.7195606231, 24.0771083831, Fault 0x, 23.8402462005
2026-07-24, 15:20:55, 22.5916748046, 22.5916748046, 22.5916748046, 22.6881866455, 22.9375000000, 23.0000000000, 22.8750000000, 22.5000000000, 24.6856937408, 24.0771083831, Fault 0x, 23.8402462005
2026-07-24, 15:20:57, 22.5916748046, 22.5916748046, 22.5916748046, 22.5916748046, 22.9375000000, 23.0625000000, 22.8750000000, 22.5000000000, 24.6856937408, 24.1107730865, Fault 0x, 23.8402462005
2026-07-24, 15:20:58, 22.5916748046, 22.5916748046, 22.5916748046, 22.6881866455, 22.9375000000, 23.1250000000, 22.8750000000, 22.5000000000, 24.6856937408, 24.1107730865, Fault 0x, 23.8402462005
2026-07-24, 15:21:00, 22.5916748046, 22.5916748046, 22.5916748046, 22.5916748046, 22.9375000000, 23.0625000000, 22.8750000000, 22.5000000000, 24.6856937408, 24.0771083831, Fault 0x, 23.8402462005
2026-07-24, 15:21:02, 22.5916748046, 22.5916748046, 22.5916748046, 22.6881866455, 22.9375000000, 23.0625000000, 22.8125000000, 22.5000000000, 24.6856937408, 24.0771083831, Fault 0x, 23.8741130828
2026-07-24, 15:21:04, 22.5916748046, 22.5916748046, 22.5916748046, 22.6881866455, 22.9375000000, 23.0625000000, 22.8125000000, 22.5000000000, 24.6856937408, 24.0771083831, Fault 0x, 23.8402462005
2026-07-24, 15:21:05, 22.5916748046, 22.5916748046, 22.5916748046, 22.5916748046, 22.8750000000, 23.1250000000, 22.8125000000, 22.5000000000, 24.6856937408, 24.0432415008, Fault 0x, 23.8402462005
2026-07-24, 15:21:07, 22.4951324462, 22.5916748046, 22.5916748046, 22.5916748046, 22.9375000000, 23.0625000000, 22.8125000000, 22.5000000000, 24.6856937408, 24.0771083831, Fault 0x, 23.8402462005
2026-07-24, 15:21:09, 22.5916748046, 22.5916748046, 22.5916748046, 22.5916748046, 22.9375000000, 23.0625000000, 22.8125000000, 22.5000000000, 24.6520290374, 24.0432415008, Fault 0x, 23.8063793182
2026-07-24, 15:21:11, 22.4951324462, 22.4951324462, 22.4951324462, 22.5916748046, 22.9375000000, 23.1250000000, 22.8125000000, 22.5000000000, 24.6520290374, 24.0432415008, Fault 0x, 23.8063793182
2026-07-24, 15:21:13, 22.4951324462, 22.4951324462, 22.4951324462, 22.5916748046, 22.9375000000, 23.0625000000, 22.8125000000, 22.5000000000, 24.6856937408, 24.0432415008, Fault 0x, 23.8063793182
2026-07-24, 15:21:14, 22.4951324462, 22.4951324462, 22.4951324462, 22.5916748046, 22.9375000000, 23.0625000000, 22.8125000000, 22.5000000000, 24.6856937408, 24.0093765258, Fault 0x, 23.8063793182
2026-07-24, 15:21:16, 22.4951324462, 22.4951324462, 22.4951324462, 22.5916748046, 22.9375000000, 23.0625000000, 22.8125000000, 22.5000000000, 24.6520290374, 24.0093765258, Fault 0x, 23.8063793182
2026-07-24, 15:21:18, 22.4951324462, 22.4951324462, 22.4951324462, 22.5916748046, 22.9375000000, 23.0625000000, 22.8125000000, 22.5000000000, 24.6520290374, 24.0093765258, Fault 0x, 23.7727146148
2026-07-24, 15:21:20, 22.4951324462, 22.4951324462, 22.4951324462, 22.5916748046, 22.9375000000, 23.0625000000, 22.8125000000, 22.4375000000, 24.6856937408, 24.0093765258, Fault 0x, 23.7727146148
2026-07-24, 15:21:21, 22.4951324462, 22.4951324462, 22.4951324462, 22.5916748046, 22.9375000000, 23.0625000000, 22.8125000000, 22.5000000000, 24.6520290374, 23.9755096435, Fault 0x, 23.7727146148
2026-07-24, 15:21:23, 22.4951324462, 22.4951324462, 22.4951324462, 22.5916748046, 22.9375000000, 23.0625000000, 22.8125000000, 22.5000000000, 24.6520290374, 24.0093765258, Fault 0x, 23.7727146148
2026-07-24, 15:21:25, 22.4951324462, 22.4951324462, 22.4951324462, 22.5916748046, 23.0000000000, 23.0625000000, 22.8125000000, 22.5000000000, 24.6520290374, 23.9755096435, Fault 0x, 23.7727146148
2026-07-24, 15:21:27, 22.4951324462, 22.4951324462, 22.4951324462, 22.5916748046, 22.9375000000, 23.0000000000, 22.8125000000, 22.5000000000, 24.6856937408, 23.9755096435, Fault 0x, 23.7727146148
2026-07-24, 15:21:29, 22.4951324462, 22.4951324462, 22.4951324462, 22.5916748046, 22.9375000000, 23.0625000000, 22.8125000000, 22.5000000000, 24.6856937408, 23.9755096435, Fault 0x, 23.7727146148
2026-07-24, 15:21:30, 22.4951324462, 22.4951324462, 22.4951324462, 22.5916748046, 22.9375000000, 23.0625000000, 22.8125000000, 22.5000000000, 24.6856937408, 23.9755096435, Fault 0x, 23.7727146148
2026-07-24, 15:21:32, 22.4951324462, 22.4951324462, 22.4951324462, 22.5916748046, 22.9375000000, 23.0625000000, 22.7500000000, 22.5000000000, 24.6856937408, 23.9755096435, Fault 0x, 23.7727146148
2026-07-24, 15:21:34, 22.4951324462, 22.4951324462, 22.4951324462, 22.5916748046, 22.9375000000, 23.0000000000, 22.8125000000, 22.5000000000, 24.6856937408, 23.9755096435, Fault 0x, 23.7388496398
2026-07-24, 15:21:36, 22.4951324462, 22.4951324462, 22.4951324462, 22.5916748046, 22.9375000000, 23.0000000000, 22.7500000000, 22.4375000000, 24.6520290374, 23.9416427612, Fault 0x, 23.7727146148
2026-07-24, 15:21:37, 22.4951324462, 22.4951324462, 22.4951324462, 22.5916748046, 22.8750000000, 23.0000000000, 22.8125000000, 22.5000000000, 24.6181621551, 24.0093765258, Fault 0x, 23.7388496398
2026-07-24, 15:21:39, 22.4951324462, 22.4951324462, 22.4951324462, 22.5916748046, 22.9375000000, 23.0625000000, 22.8125000000, 22.5000000000, 24.6520290374, 23.9416427612, Fault 0x, 23.7727146148
2026-07-24, 15:21:41, 22.4951324462, 22.4951324462, 22.4951324462, 22.5916748046, 22.9375000000, 23.0625000000, 22.8125000000, 22.5000000000, 24.6181621551, 23.9755096435, Fault 0x, 23.7388496398
2026-07-24, 15:21:43, 22.4951324462, 22.4951324462, 22.4951324462, 22.5916748046, 22.8750000000, 23.0000000000, 22.8125000000, 22.4375000000, 24.6520290374, 23.9755096435, Fault 0x, 23.7727146148
2026-07-24, 15:21:45, 22.4951324462, 22.4951324462, 22.4951324462, 22.5916748046, 22.9375000000, 23.0000000000, 22.7500000000, 22.5000000000, 24.6181621551, 23.9755096435, Fault 0x, 23.7388496398
2026-07-24, 15:21:46, 22.4951324462, 22.4951324462, 22.4951324462, 22.5916748046, 22.9375000000, 23.0000000000, 22.7500000000, 22.4375000000, 24.6520290374, 23.9755096435, Fault 0x, 23.7727146148
2026-07-24, 15:21:48, 22.4951324462, 22.4951324462, 22.4951324462, 22.5916748046, 22.9375000000, 23.0000000000, 22.7500000000, 22.5000000000, 24.6181621551, 23.9416427612, Fault 0x, 23.7388496398
2026-07-24, 15:21:50, 22.4951324462, 22.4951324462, 22.4951324462, 22.5916748046, 22.9375000000, 23.0000000000, 22.8125000000, 22.4375000000, 24.6181621551, 23.9416427612, Fault 0x, 23.7388496398
2026-07-24, 15:21:52, 22.4951324462, 22.4951324462, 22.4951324462, 22.4951324462, 22.9375000000, 23.0000000000, 22.8125000000, 22.4375000000, 24.5842971801, 23.9416427612, Fault 0x, 23.7388496398
2026-07-24, 15:21:53, 22.4951324462, 22.4951324462, 22.4951324462, 22.4951324462, 22.8750000000, 23.0000000000, 22.7500000000, 22.4375000000, 24.5842971801, 23.9079780578, Fault 0x, 23.7388496398
2026-07-24, 15:21:55, 22.4951324462, 22.4951324462, 22.4951324462, 22.4951324462, 22.9375000000, 23.0000000000, 22.7500000000, 22.5000000000, 24.6181621551, 23.9755096435, Fault 0x, 23.7049827575
2026-07-24, 15:21:57, 22.4951324462, 22.4951324462, 22.4951324462, 22.4951324462, 22.8750000000, 23.0000000000, 22.8125000000, 22.5000000000, 24.5842971801, 23.9079780578, Fault 0x, 23.7049827575
2026-07-24, 15:21:59, 22.4951324462, 22.4951324462, 22.4951324462, 22.4951324462, 22.8750000000, 23.0000000000, 22.7500000000, 22.4375000000, 24.5842971801, 23.9079780578, Fault 0x, 23.7388496398
2026-07-24, 15:22:01, 22.4951324462, 22.4951324462, 22.4951324462, 22.4951324462, 22.8750000000, 23.0000000000, 22.7500000000, 22.4375000000, 24.5842971801, 23.9079780578, Fault 0x, 23.7049827575
2026-07-24, 15:22:02, 22.4951324462, 22.3986358642, 22.4951324462, 22.4951324462, 22.8750000000, 23.0000000000, 22.7500000000, 22.4375000000, 24.5842971801, 23.9079780578, Fault 0x, 23.7388496398
2026-07-24, 15:22:04, 22.4951324462, 22.3986358642, 22.4951324462, 22.4951324462, 22.8750000000, 23.0000000000, 22.7500000000, 22.4375000000, 24.5842971801, 23.9079780578, Fault 0x, 23.7049827575
2026-07-24, 15:22:06, 22.4951324462, 22.3986358642, 22.4951324462, 22.4951324462, 22.8750000000, 23.0000000000, 22.8125000000, 22.4375000000, 24.5842971801, 23.9079780578, Fault 0x, 23.7049827575
2026-07-24, 15:22:08, 22.4951324462, 22.3986358642, 22.4951324462, 22.4951324462, 22.8750000000, 23.0000000000, 22.8125000000, 22.4375000000, 24.5842971801, 23.9079780578, Fault 0x, 23.7388496398
2026-07-24, 15:22:09, 22.4951324462, 22.3986358642, 22.4951324462, 22.4951324462, 22.8750000000, 23.0000000000, 22.7500000000, 22.4375000000, 24.5842971801, 23.9079780578, Fault 0x, 23.7049827575
2026-07-24, 15:22:11, 22.4951324462, 22.3986358642, 22.4951324462, 22.4951324462, 22.8750000000, 22.9375000000, 22.7500000000, 22.4375000000, 24.5842971801, 23.8741130828, Fault 0x, 23.7049827575
2026-07-24, 15:22:13, 22.4951324462, 22.3986358642, 22.4951324462, 22.4951324462, 22.8750000000, 23.0000000000, 22.8125000000, 22.4375000000, 24.5504302978, 23.8741130828, Fault 0x, 23.7388496398
2026-07-24, 15:22:15, 22.4951324462, 22.3986358642, 22.4951324462, 22.4951324462, 22.8750000000, 23.0000000000, 22.8125000000, 22.4375000000, 24.5842971801, 23.8741130828, Fault 0x, 23.7388496398
2026-07-24, 15:22:16, 22.4951324462, 22.3986358642, 22.4951324462, 22.4951324462, 22.8750000000, 23.0000000000, 22.7500000000, 22.4375000000, 24.5504302978, 23.8741130828, Fault 0x, 23.7049827575
2026-07-24, 15:22:18, 22.4951324462, 22.3986358642, 22.4951324462, 22.4951324462, 22.8750000000, 23.0000000000, 22.7500000000, 22.4375000000, 24.5504302978, 23.8741130828, Fault 0x, 23.7388496398
2026-07-24, 15:22:20, 22.4951324462, 22.3986358642, 22.4951324462, 22.4951324462, 22.8750000000, 23.0000000000, 22.7500000000, 22.4375000000, 24.5504302978, 23.8741130828, Fault 0x, 23.7049827575
2026-07-24, 15:22:22, 22.4951324462, 22.3986358642, 22.4951324462, 22.4951324462, 22.8750000000, 22.9375000000, 22.7500000000, 22.4375000000, 24.5504302978, 23.8741130828, Fault 0x, 23.7049827575
2026-07-24, 15:22:24, 22.4951324462, 22.3986358642, 22.4951324462, 22.4951324462, 22.8750000000, 22.9375000000, 22.7500000000, 22.4375000000, 24.5504302978, 23.8741130828, Fault 0x, 23.6713180541
2026-07-24, 15:22:25, 22.4951324462, 22.3986358642, 22.4951324462, 22.4951324462, 22.8750000000, 23.0000000000, 22.7500000000, 22.4375000000, 24.5504302978, 23.8402462005, Fault 0x, 23.7049827575
2026-07-24, 15:22:27, 22.4951324462, 22.3986358642, 22.4951324462, 22.4951324462, 22.8750000000, 22.9375000000, 22.8125000000, 22.4375000000, 24.5504302978, 23.8741130828, Fault 0x, 23.7049827575
2026-07-24, 15:22:29, 22.4951324462, 22.3986358642, 22.4951324462, 22.4951324462, 22.8750000000, 22.9375000000, 22.7500000000, 22.4375000000, 24.5504302978, 23.8741130828, Fault 0x, 23.6713180541
2026-07-24, 15:22:31, 22.4951324462, 22.3986358642, 22.4951324462, 22.4951324462, 22.8750000000, 22.9375000000, 22.7500000000, 22.4375000000, 24.5842971801, 23.8741130828, Fault 0x, 23.7049827575
2026-07-24, 15:22:32, 22.4951324462, 22.3986358642, 22.4951324462, 22.4951324462, 22.8750000000, 22.9375000000, 22.7500000000, 22.4375000000, 24.5504302978, 23.8741130828, Fault 0x, 23.6713180541
2026-07-24, 15:22:34, 22.4951324462, 22.3986358642, 22.4951324462, 22.4951324462, 22.8750000000, 23.0000000000, 22.6875000000, 22.4375000000, 24.5842971801, 23.8741130828, Fault 0x, 23.6713180541
2026-07-24, 15:22:36, 22.4951324462, 22.3986358642, 22.4951324462, 22.4951324462, 22.8750000000, 22.9375000000, 22.7500000000, 22.4375000000, 24.5842971801, 23.9079780578, Fault 0x, 23.6713180541
2026-07-24, 15:22:38, 22.4951324462, 22.3986358642, 22.4951324462, 22.4951324462, 22.9375000000, 22.9375000000, 22.7500000000, 22.4375000000, 24.5842971801, 23.8741130828, Fault 0x, 23.7049827575
2026-07-24, 15:22:40, 22.4951324462, 22.3986358642, 22.4951324462, 22.4951324462, 22.8125000000, 22.9375000000, 22.7500000000, 22.4375000000, 24.5504302978, 23.8741130828, Fault 0x, 23.7049827575
2026-07-24, 15:22:41, 22.3986358642, 22.3986358642, 22.4951324462, 22.4951324462, 22.8750000000, 23.0000000000, 22.8125000000, 22.4375000000, 24.5504302978, 23.8741130828, Fault 0x, 23.7049827575
2026-07-24, 15:22:43, 22.4951324462, 22.3986358642, 22.4951324462, 22.4951324462, 22.8750000000, 23.0000000000, 22.7500000000, 22.4375000000, 24.5504302978, 23.8741130828, Fault 0x, 23.7049827575
2026-07-24, 15:22:45, 22.3986358642, 22.3986358642, 22.4951324462, 22.4951324462, 22.8750000000, 22.8750000000, 22.7500000000, 22.4375000000, 24.5842971801, 23.8741130828, Fault 0x, 23.6713180541
2026-07-24, 15:22:47, 22.3986358642, 22.3986358642, 22.4951324462, 22.4951324462, 22.8750000000, 22.9375000000, 22.7500000000, 22.4375000000, 24.5842971801, 23.8741130828, Fault 0x, 23.7049827575
2026-07-24, 15:22:48, 22.3986358642, 22.3986358642, 22.4951324462, 22.4951324462, 22.8750000000, 22.9375000000, 22.6875000000, 22.4375000000, 24.5504302978, 23.8741130828, Fault 0x, 23.7049827575
2026-07-24, 15:22:50, 22.3986358642, 22.3986358642, 22.3986358642, 22.4951324462, 22.8750000000, 22.8750000000, 22.7500000000, 22.4375000000, 24.5504302978, 23.8741130828, Fault 0x, 23.6713180541
2026-07-24, 15:22:52, 22.3986358642, 22.3986358642, 22.3986358642, 22.4951324462, 22.8750000000, 23.0000000000, 22.7500000000, 22.4375000000, 24.5504302978, 23.8402462005, Fault 0x, 23.6713180541
2026-07-24, 15:22:54, 22.3986358642, 22.3986358642, 22.3986358642, 22.4951324462, 22.8750000000, 22.9375000000, 22.6875000000, 22.4375000000, 24.5504302978, 23.8402462005, Fault 0x, 23.6713180541
2026-07-24, 15:22:56, 22.3986358642, 22.3986358642, 22.3986358642, 22.4951324462, 22.8750000000, 22.9375000000, 22.6875000000, 22.4375000000, 24.5504302978, 23.8402462005, Fault 0x, 23.6713180541
2026-07-24, 15:22:57, 22.3986358642, 22.3986358642, 22.3986358642, 22.4951324462, 22.8750000000, 22.9375000000, 22.6875000000, 22.4375000000, 24.5504302978, 23.8402462005, Fault 0x, 23.6713180541
2026-07-24, 15:22:59, 22.3986358642, 22.3986358642, 22.3986358642, 22.4951324462, 22.8125000000, 22.9375000000, 22.6875000000, 22.4375000000, 24.5504302978, 23.8402462005, Fault 0x, 23.6374511718
2026-07-24, 15:23:01, 22.3986358642, 22.3986358642, 22.3986358642, 22.4951324462, 22.8125000000, 22.9375000000, 22.6875000000, 22.4375000000, 24.5504302978, 23.8402462005, Fault 0x, 23.6374511718
2026-07-24, 15:23:03, 22.3986358642, 22.3986358642, 22.3986358642, 22.4951324462, 22.8125000000, 22.9375000000, 22.6875000000, 22.3750000000, 24.5504302978, 23.8063793182, Fault 0x, 23.6374511718
2026-07-24, 15:23:04, 22.3986358642, 22.3986358642, 22.3986358642, 22.4951324462, 22.8750000000, 22.9375000000, 22.6875000000, 22.3750000000, 24.5165634155, 23.8402462005, Fault 0x, 23.6374511718
2026-07-24, 15:23:06, 22.3986358642, 22.3986358642, 22.3986358642, 22.4951324462, 22.8750000000, 22.9375000000, 22.7500000000, 22.4375000000, 24.5165634155, 23.8063793182, Fault 0x, 23.6713180541
2026-07-24, 15:23:08, 22.3986358642, 22.3986358642, 22.3986358642, 22.4951324462, 22.8750000000, 22.9375000000, 22.6875000000, 22.4375000000, 24.5504302978, 23.8063793182, Fault 0x, 23.6374511718
2026-07-24, 15:23:10, 22.3986358642, 22.3986358642, 22.3986358642, 22.3986358642, 22.8125000000, 22.9375000000, 22.7500000000, 22.3750000000, 24.5504302978, 23.8063793182, Fault 0x, 23.6374511718
2026-07-24, 15:23:12, 22.3986358642, 22.3986358642, 22.3986358642, 22.4951324462, 22.8125000000, 22.9375000000, 22.7500000000, 22.4375000000, 24.4828987121, 23.8063793182, Fault 0x, 23.6374511718
2026-07-24, 15:23:13, 22.3986358642, 22.3986358642, 22.3986358642, 22.4951324462, 22.8125000000, 22.9375000000, 22.6875000000, 22.3750000000, 24.5165634155, 23.8063793182, Fault 0x, 23.6374511718
2026-07-24, 15:23:15, 22.3986358642, 22.3986358642, 22.3986358642, 22.4951324462, 22.8125000000, 22.9375000000, 22.6875000000, 22.3750000000, 24.5165634155, 23.8063793182, Fault 0x, 23.6374511718
2026-07-24, 15:23:17, 22.3986358642, 22.3021850585, 22.3986358642, 22.3986358642, 22.8125000000, 22.9375000000, 22.6875000000, 22.3750000000, 24.5165634155, 23.8063793182, Fault 0x, 23.6374511718
2026-07-24, 15:23:19, 22.3986358642, 22.3986358642, 22.3986358642, 22.4951324462, 22.8750000000, 22.9375000000, 22.6875000000, 22.3750000000, 24.5165634155, 23.8063793182, Fault 0x, 23.6035861968
2026-07-24, 15:23:20, 22.3986358642, 22.3986358642, 22.3986358642, 22.3986358642, 22.8125000000, 22.9375000000, 22.7500000000, 22.4375000000, 24.5165634155, 23.8402462005, Fault 0x, 23.6374511718
2026-07-24, 15:23:22, 22.3986358642, 22.3021850585, 22.3986358642, 22.3986358642, 22.8125000000, 22.9375000000, 22.6875000000, 22.3750000000, 24.5165634155, 23.8402462005, Fault 0x, 23.6374511718
2026-07-24, 15:23:24, 22.3986358642, 22.3021850585, 22.3986358642, 22.3986358642, 22.8750000000, 22.9375000000, 22.6875000000, 22.4375000000, 24.4828987121, 23.8402462005, Fault 0x, 23.6713180541
2026-07-24, 15:23:26, 22.3986358642, 22.3021850585, 22.3986358642, 22.3986358642, 22.8125000000, 22.9375000000, 22.6875000000, 22.3750000000, 24.5165634155, 23.8402462005, Fault 0x, 23.6374511718
2026-07-24, 15:23:28, 22.3986358642, 22.3021850585, 22.3986358642, 22.3986358642, 22.8125000000, 22.9375000000, 22.6875000000, 22.3750000000, 24.5165634155, 23.8063793182, Fault 0x, 23.6374511718
2026-07-24, 15:23:29, 22.3986358642, 22.3986358642, 22.3986358642, 22.3986358642, 22.8125000000, 22.9375000000, 22.6875000000, 22.4375000000, 24.5165634155, 23.8402462005, Fault 0x, 23.6374511718
2026-07-24, 15:23:31, 22.3986358642, 22.3021850585, 22.3986358642, 22.3986358642, 22.8125000000, 22.9375000000, 22.6875000000, 22.4375000000, 24.5504302978, 23.8063793182, Fault 0x, 23.6374511718
2026-07-24, 15:23:33, 22.3986358642, 22.3021850585, 22.3986358642, 22.3986358642, 22.8750000000, 22.9375000000, 22.6875000000, 22.4375000000, 24.5165634155, 23.8402462005, Fault 0x, 23.6374511718
2026-07-24, 15:23:35, 22.3986358642, 22.3021850585, 22.3986358642, 22.3986358642, 22.8125000000, 22.9375000000, 22.7500000000, 22.4375000000, 24.5504302978, 23.8402462005, Fault 0x, 23.6374511718
2026-07-24, 15:23:36, 22.3986358642, 22.3021850585, 22.4951324462, 22.3986358642, 22.8750000000, 22.9375000000, 22.6875000000, 22.4375000000, 24.5165634155, 23.8402462005, Fault 0x, 23.6374511718
2026-07-24, 15:23:38, 22.3986358642, 22.3986358642, 22.3986358642, 22.3986358642, 22.8750000000, 22.9375000000, 22.7500000000, 22.4375000000, 24.5165634155, 23.8063793182, Fault 0x, 23.6374511718
2026-07-24, 15:23:40, 22.3986358642, 22.3021850585, 22.3986358642, 22.3986358642, 22.8125000000, 22.9375000000, 22.6875000000, 22.4375000000, 24.5165634155, 23.8063793182, Fault 0x, 23.6374511718
2026-07-24, 15:23:42, 22.3986358642, 22.3021850585, 22.3986358642, 22.3986358642, 22.8125000000, 22.9375000000, 22.6875000000, 22.4375000000, 24.5165634155, 23.8063793182, Fault 0x, 23.6374511718
2026-07-24, 15:23:44, 22.3986358642, 22.3021850585, 22.3986358642, 22.3986358642, 22.8125000000, 22.9375000000, 22.7500000000, 22.4375000000, 24.5165634155, 23.8402462005, Fault 0x, 23.6374511718
2026-07-24, 15:23:45, 22.3986358642, 22.3021850585, 22.3986358642, 22.3986358642, 22.8125000000, 22.9375000000, 22.6875000000, 22.4375000000, 24.4828987121, 23.8063793182, Fault 0x, 23.6713180541
2026-07-24, 15:23:47, 22.3986358642, 22.3021850585, 22.3986358642, 22.3986358642, 22.8125000000, 22.8750000000, 22.6875000000, 22.4375000000, 24.5165634155, 23.8063793182, Fault 0x, 23.6374511718
2026-07-24, 15:23:49, 22.3986358642, 22.3021850585, 22.3986358642, 22.3986358642, 22.8125000000, 22.8750000000, 22.7500000000, 22.4375000000, 24.5165634155, 23.8063793182, Fault 0x, 23.6713180541
2026-07-24, 15:23:51, 22.3986358642, 22.3021850585, 22.3986358642, 22.3986358642, 22.8125000000, 22.9375000000, 22.6875000000, 22.3750000000, 24.4828987121, 23.8402462005, Fault 0x, 23.6374511718
2026-07-24, 15:23:52, 22.3986358642, 22.3021850585, 22.3986358642, 22.3986358642, 22.8125000000, 22.8750000000, 22.6875000000, 22.3750000000, 24.5165634155, 23.8063793182, Fault 0x, 23.6713180541
2026-07-24, 15:23:54, 22.3986358642, 22.3021850585, 22.3986358642, 22.3986358642, 22.7500000000, 22.8750000000, 22.7500000000, 22.4375000000, 24.5165634155, 23.8063793182, Fault 0x, 23.6374511718
2026-07-24, 15:23:56, 22.3986358642, 22.3021850585, 22.3986358642, 22.3986358642, 22.8125000000, 22.8750000000, 22.6875000000, 22.3750000000, 24.5165634155, 23.8063793182, Fault 0x, 23.6374511718
2026-07-24, 15:23:58, 22.3986358642, 22.3021850585, 22.3986358642, 22.3986358642, 22.8125000000, 22.9375000000, 22.6875000000, 22.4375000000, 24.5165634155, 23.8063793182, Fault 0x, 23.6374511718
2026-07-24, 15:24:00, 22.3986358642, 22.3021850585, 22.3986358642, 22.3986358642, 22.8125000000, 22.8750000000, 22.6250000000, 22.4375000000, 24.5165634155, 23.7727146148, Fault 0x, 23.6374511718
2026-07-24, 15:24:01, 22.3986358642, 22.3021850585, 22.3986358642, 22.3986358642, 22.7500000000, 22.8750000000, 22.6875000000, 22.4375000000, 24.5165634155, 23.7727146148, Fault 0x, 23.6374511718
2026-07-24, 15:24:03, 22.3986358642, 22.3021850585, 22.3986358642, 22.3986358642, 22.8125000000, 22.8750000000, 22.6875000000, 22.4375000000, 24.5165634155, 23.7727146148, Fault 0x, 23.6374511718
2026-07-24, 15:24:05, 22.3986358642, 22.3021850585, 22.3986358642, 22.3986358642, 22.8125000000, 22.9375000000, 22.6875000000, 22.4375000000, 24.5165634155, 23.7727146148, Fault 0x, 23.6035861968
2026-07-24, 15:24:07, 22.3986358642, 22.3021850585, 22.3986358642, 22.3986358642, 22.8125000000, 22.8750000000, 22.6875000000, 22.4375000000, 24.5165634155, 23.8063793182, Fault 0x, 23.6374511718
2026-07-24, 15:24:08, 22.3986358642, 22.3021850585, 22.3986358642, 22.3986358642, 22.8125000000, 22.9375000000, 22.6875000000, 22.4375000000, 24.5165634155, 23.8063793182, Fault 0x, 23.6035861968
2026-07-24, 15:24:10, 22.3986358642, 22.3021850585, 22.3986358642, 22.3986358642, 22.8125000000, 22.9375000000, 22.7500000000, 22.4375000000, 24.5165634155, 23.7727146148, Fault 0x, 23.6035861968
2026-07-24, 15:24:12, 22.3986358642, 22.3021850585, 22.3986358642, 22.3986358642, 22.8125000000, 22.8750000000, 22.6875000000, 22.4375000000, 24.5165634155, 23.7727146148, Fault 0x, 23.6035861968
2026-07-24, 15:24:14, 22.3986358642, 22.3021850585, 22.3986358642, 22.3986358642, 22.8125000000, 22.8750000000, 22.6875000000, 22.3750000000, 24.5165634155, 23.7727146148, Fault 0x, 23.6035861968
2026-07-24, 15:24:15, 22.3986358642, 22.3021850585, 22.3986358642, 22.3986358642, 22.8125000000, 22.8750000000, 22.6875000000, 22.4375000000, 24.5165634155, 23.7727146148, Fault 0x, 23.6035861968
2026-07-24, 15:24:17, 22.3986358642, 22.3021850585, 22.3986358642, 22.3986358642, 22.8750000000, 22.9375000000, 22.6875000000, 22.3750000000, 24.5504302978, 23.7727146148, Fault 0x, 23.6035861968
2026-07-24, 15:24:19, 22.3986358642, 22.3021850585, 22.3986358642, 22.3986358642, 22.7500000000, 22.9375000000, 22.6875000000, 22.4375000000, 24.5165634155, 23.7727146148, Fault 0x, 23.6035861968
2026-07-24, 15:24:21, 22.3986358642, 22.3021850585, 22.3986358642, 22.3986358642, 22.8125000000, 22.8750000000, 22.6875000000, 22.3750000000, 24.5165634155, 23.7727146148, Fault 0x, 23.5697193145
2026-07-24, 15:24:23, 22.3986358642, 22.3021850585, 22.3986358642, 22.3986358642, 22.8125000000, 22.9375000000, 22.6875000000, 22.4375000000, 24.5842971801, 23.7727146148, Fault 0x, 23.5697193145
2026-07-24, 15:24:24, 22.3986358642, 22.3021850585, 22.3986358642, 22.3986358642, 22.8125000000, 22.8750000000, 22.6875000000, 22.4375000000, 24.5504302978, 23.8063793182, Fault 0x, 23.6035861968
2026-07-24, 15:24:26, 22.3986358642, 22.3021850585, 22.3986358642, 22.3986358642, 22.8125000000, 22.8750000000, 22.6875000000, 22.4375000000, 24.5504302978, 23.7727146148, Fault 0x, 23.6035861968
2026-07-24, 15:24:28, 22.3986358642, 22.3021850585, 22.3986358642, 22.3986358642, 22.8125000000, 22.9375000000, 22.6875000000, 22.4375000000, 24.5504302978, 23.7727146148, Fault 0x, 23.6035861968
2026-07-24, 15:24:30, 22.3986358642, 22.3021850585, 22.3986358642, 22.3986358642, 22.8125000000, 22.8750000000, 22.6875000000, 22.4375000000, 24.5504302978, 23.8063793182, Fault 0x, 23.6035861968
2026-07-24, 15:24:31, 22.3986358642, 22.3021850585, 22.3986358642, 22.3986358642, 22.8125000000, 22.8750000000, 22.6875000000, 22.3750000000, 24.5504302978, 23.7727146148, Fault 0x, 23.6035861968
2026-07-24, 15:24:33, 22.3986358642, 22.3021850585, 22.3986358642, 22.3986358642, 22.8125000000, 22.8750000000, 22.6875000000, 22.3750000000, 24.5504302978, 23.8063793182, Fault 0x, 23.5697193145
2026-07-24, 15:24:35, 22.3986358642, 22.3021850585, 22.3986358642, 22.3986358642, 22.8125000000, 22.8750000000, 22.6875000000, 22.3750000000, 24.5165634155, 23.7727146148, Fault 0x, 23.6035861968
2026-07-24, 15:24:37, 22.3986358642, 22.3021850585, 22.3986358642, 22.3986358642, 22.8125000000, 22.8750000000, 22.6875000000, 22.3750000000, 24.5504302978, 23.8063793182, Fault 0x, 23.6035861968
2026-07-24, 15:24:39, 22.3986358642, 22.3021850585, 22.3986358642, 22.3986358642, 22.7500000000, 22.8750000000, 22.6875000000, 22.3750000000, 24.5504302978, 23.8402462005, Fault 0x, 23.6035861968
2026-07-24, 15:24:40, 22.3986358642, 22.3021850585, 22.3986358642, 22.3986358642, 22.8125000000, 22.9375000000, 22.6250000000, 22.4375000000, 24.5504302978, 23.8063793182, Fault 0x, 23.6035861968
2026-07-24, 15:24:42, 22.3986358642, 22.3021850585, 22.3986358642, 22.3986358642, 22.8125000000, 22.8750000000, 22.6875000000, 22.3750000000, 24.5504302978, 23.8063793182, Fault 0x, 23.6035861968
2026-07-24, 15:24:44, 22.3986358642, 22.3021850585, 22.3986358642, 22.3986358642, 22.8125000000, 22.8750000000, 22.6875000000, 22.4375000000, 24.5504302978, 23.8063793182, Fault 0x, 23.6035861968
2026-07-24, 15:24:46, 22.3986358642, 22.3021850585, 22.3986358642, 22.3986358642, 22.8125000000, 22.9375000000, 22.6875000000, 22.4375000000, 24.5504302978, 23.8063793182, Fault 0x, 23.6374511718
2026-07-24, 15:24:47, 22.3986358642, 22.3021850585, 22.3986358642, 22.3986358642, 22.8125000000, 22.9375000000, 22.6875000000, 22.3750000000, 24.5504302978, 23.8402462005, Fault 0x, 23.5697193145
2026-07-24, 15:24:49, 22.3986358642, 22.3021850585, 22.3986358642, 22.3986358642, 22.8125000000, 22.8750000000, 22.6875000000, 22.3750000000, 24.5504302978, 23.8063793182, Fault 0x, 23.6374511718
2026-07-24, 15:24:51, 22.3986358642, 22.3021850585, 22.3986358642, 22.3986358642, 22.7500000000, 22.8125000000, 22.6250000000, 22.3750000000, 24.5165634155, 23.8402462005, Fault 0x, 23.6374511718
2026-07-24, 15:24:53, 22.3986358642, 22.3021850585, 22.3986358642, 22.3986358642, 22.8125000000, 22.8750000000, 22.6875000000, 22.3750000000, 24.5504302978, 23.8063793182, Fault 0x, 23.6374511718
2026-07-24, 15:24:55, 22.3986358642, 22.3021850585, 22.4951324462, 22.3986358642, 22.8125000000, 22.8750000000, 22.6875000000, 22.4375000000, 24.5842971801, 23.8402462005, Fault 0x, 23.6374511718
2026-07-24, 15:24:56, 22.3986358642, 22.3021850585, 22.3986358642, 22.3986358642, 22.8125000000, 22.8750000000, 22.6250000000, 22.4375000000, 24.5504302978, 23.8402462005, Fault 0x, 23.6374511718
2026-07-24, 15:24:58, 22.3986358642, 22.3021850585, 22.3986358642, 22.3986358642, 22.8125000000, 22.8750000000, 22.6875000000, 22.3750000000, 24.5165634155, 23.8741130828, Fault 0x, 23.6374511718
2026-07-24, 15:25:00, 22.3986358642, 22.3021850585, 22.3986358642, 22.3986358642, 22.8125000000, 22.8750000000, 22.6875000000, 22.3750000000, 24.5504302978, 23.8741130828, Fault 0x, 23.6374511718
2026-07-24, 15:25:02, 22.3986358642, 22.3021850585, 22.3986358642, 22.4951324462, 22.8125000000, 22.8750000000, 22.6875000000, 22.4375000000, 24.5842971801, 23.8402462005, Fault 0x, 23.6374511718
2026-07-24, 15:25:03, 22.3986358642, 22.3021850585, 22.3986358642, 22.3986358642, 22.8125000000, 22.8750000000, 22.6875000000, 22.4375000000, 24.5504302978, 23.9079780578, Fault 0x, 23.6713180541
2026-07-24, 15:25:05, 22.3986358642, 22.3021850585, 22.3986358642, 22.3986358642, 22.8125000000, 22.8750000000, 22.6875000000, 22.4375000000, 24.5504302978, 23.9079780578, Fault 0x, 23.6713180541
2026-07-24, 15:25:07, 22.3986358642, 22.3021850585, 22.3986358642, 22.4951324462, 22.8125000000, 22.9375000000, 22.6875000000, 22.3750000000, 24.5504302978, 23.8741130828, Fault 0x, 23.6713180541
2026-07-24, 15:25:09, 22.3986358642, 22.3986358642, 22.3986358642, 22.4951324462, 22.8125000000, 22.8750000000, 22.7500000000, 22.3750000000, 24.5842971801, 23.9079780578, Fault 0x, 23.7049827575
2026-07-24, 15:25:11, 22.3986358642, 22.3986358642, 22.3986358642, 22.3986358642, 22.8125000000, 22.8750000000, 22.6875000000, 22.3750000000, 24.5842971801, 23.9079780578, Fault 0x, 23.7049827575
2026-07-24, 15:25:12, 22.3986358642, 22.3986358642, 22.3986358642, 22.4951324462, 22.8125000000, 22.9375000000, 22.6875000000, 22.3750000000, 24.5842971801, 23.8741130828, Fault 0x, 23.7049827575
2026-07-24, 15:25:14, 22.3986358642, 22.3986358642, 22.3986358642, 22.4951324462, 22.8125000000, 22.8750000000, 22.6875000000, 22.4375000000, 24.5842971801, 23.9079780578, Fault 0x, 23.7049827575
2026-07-24, 15:25:16, 22.3986358642, 22.3021850585, 22.3986358642, 22.4951324462, 22.8125000000, 22.9375000000, 22.6875000000, 22.4375000000, 24.5842971801, 23.9079780578, Fault 0x, 23.7049827575
2026-07-24, 15:25:18, 22.3986358642, 22.3021850585, 22.4951324462, 22.3986358642, 22.8125000000, 22.8750000000, 22.6250000000, 22.3750000000, 24.5504302978, 23.9079780578, Fault 0x, 23.7049827575
2026-07-24, 15:25:19, 22.3986358642, 22.3986358642, 22.3986358642, 22.3986358642, 22.8125000000, 22.8750000000, 22.6875000000, 22.4375000000, 24.5504302978, 23.9079780578, Fault 0x, 23.7049827575
2026-07-24, 15:25:21, 22.3986358642, 22.3021850585, 22.3986358642, 22.3986358642, 22.8125000000, 22.8750000000, 22.6875000000, 22.3750000000, 24.5842971801, 23.9079780578, Fault 0x, 23.6713180541
2026-07-24, 15:25:23, 22.3986358642, 22.3021850585, 22.3986358642, 22.3986358642, 22.7500000000, 22.8750000000, 22.6875000000, 22.3750000000, 24.5842971801, 23.9079780578, Fault 0x, 23.6374511718
2026-07-24, 15:25:25, 22.3986358642, 22.3021850585, 22.3986358642, 22.3986358642, 22.8125000000, 22.8750000000, 22.6875000000, 22.4375000000, 24.5504302978, 23.9079780578, Fault 0x, 23.6713180541
2026-07-24, 15:25:27, 22.3986358642, 22.3021850585, 22.3986358642, 22.3986358642, 22.7500000000, 22.8750000000, 22.6875000000, 22.3750000000, 24.5842971801, 23.9079780578, Fault 0x, 23.6713180541
2026-07-24, 15:25:28, 22.3986358642, 22.3021850585, 22.3986358642, 22.3986358642, 22.8125000000, 22.8750000000, 22.6875000000, 22.3750000000, 24.5842971801, 23.9079780578, Fault 0x, 23.6374511718
2026-07-24, 15:25:30, 22.3986358642, 22.3021850585, 22.3986358642, 22.3986358642, 22.8125000000, 22.8750000000, 22.6875000000, 22.4375000000, 24.5504302978, 23.8741130828, Fault 0x, 23.6713180541
2026-07-24, 15:25:32, 22.3986358642, 22.3021850585, 22.3986358642, 22.3986358642, 22.7500000000, 22.8750000000, 22.6250000000, 22.3750000000, 24.5504302978, 23.8741130828, Fault 0x, 23.6374511718
2026-07-24, 15:25:34, 22.3986358642, 22.3021850585, 22.3986358642, 22.3986358642, 22.7500000000, 22.9375000000, 22.6875000000, 22.3750000000, 24.5842971801, 23.8741130828, Fault 0x, 23.6374511718
2026-07-24, 15:25:35, 22.3986358642, 22.3021850585, 22.3986358642, 22.3986358642, 22.7500000000, 22.8750000000, 22.6875000000, 22.4375000000, 24.5504302978, 23.8741130828, Fault 0x, 23.6374511718
2026-07-24, 15:25:37, 22.3986358642, 22.3021850585, 22.3986358642, 22.3986358642, 22.8125000000, 22.8750000000, 22.6875000000, 22.4375000000, 24.5504302978, 23.8741130828, Fault 0x, 23.6374511718
2026-07-24, 15:25:39, 22.3986358642, 22.3021850585, 22.3986358642, 22.3986358642, 22.7500000000, 22.8750000000, 22.6875000000, 22.4375000000, 24.5842971801, 23.8741130828, Fault 0x, 23.6374511718
2026-07-24, 15:25:41, 22.3986358642, 22.3021850585, 22.3986358642, 22.3986358642, 22.8125000000, 22.8750000000, 22.6875000000, 22.3750000000, 24.5504302978, 23.8402462005, Fault 0x, 23.6374511718
2026-07-24, 15:25:43, 22.3986358642, 22.3021850585, 22.3986358642, 22.3986358642, 22.7500000000, 22.8750000000, 22.6250000000, 22.3750000000, 24.5504302978, 23.8741130828, Fault 0x, 23.6374511718
2026-07-24, 15:25:44, 22.3986358642, 22.3021850585, 22.3986358642, 22.3986358642, 22.7500000000, 22.8750000000, 22.6250000000, 22.3750000000, 24.5842971801, 23.8741130828, Fault 0x, 23.6374511718
2026-07-24, 15:25:46, 22.3986358642, 22.3021850585, 22.3986358642, 22.3986358642, 22.7500000000, 22.8125000000, 22.6875000000, 22.3750000000, 24.5504302978, 23.8741130828, Fault 0x, 23.6035861968
2026-07-24, 15:25:48, 22.3986358642, 22.3021850585, 22.3986358642, 22.3986358642, 22.7500000000, 22.8750000000, 22.6875000000, 22.3750000000, 24.5504302978, 23.8741130828, Fault 0x, 23.6374511718
2026-07-24, 15:25:50, 22.3986358642, 22.3021850585, 22.3986358642, 22.3986358642, 22.7500000000, 22.8750000000, 22.6250000000, 22.3750000000, 24.5842971801, 23.8402462005, Fault 0x, 23.6035861968
2026-07-24, 15:25:51, 22.3986358642, 22.3021850585, 22.3986358642, 22.3986358642, 22.7500000000, 22.8750000000, 22.6875000000, 22.3750000000, 24.5842971801, 23.8741130828, Fault 0x, 23.6374511718
2026-07-24, 15:25:53, 22.3986358642, 22.3021850585, 22.3986358642, 22.3986358642, 22.8125000000, 22.8750000000, 22.6875000000, 22.3750000000, 24.5504302978, 23.8402462005, Fault 0x, 23.6035861968
2026-07-24, 15:25:55, 22.3986358642, 22.3021850585, 22.3986358642, 22.3986358642, 22.8125000000, 22.8125000000, 22.6875000000, 22.3750000000, 24.5504302978, 23.8402462005, Fault 0x, 23.6035861968
2026-07-24, 15:25:57, 22.3986358642, 22.3021850585, 22.3986358642, 22.3986358642, 22.8125000000, 22.8750000000, 22.6875000000, 22.3750000000, 24.5842971801, 23.8402462005, Fault 0x, 23.6374511718
2026-07-24, 15:25:59, 22.3986358642, 22.3021850585, 22.3986358642, 22.3986358642, 22.7500000000, 22.8750000000, 22.6875000000, 22.3750000000, 24.5842971801, 23.8402462005, Fault 0x, 23.6035861968
2026-07-24, 15:26:00, 22.3986358642, 22.3021850585, 22.3986358642, 22.3986358642, 22.8125000000, 22.8125000000, 22.6875000000, 22.3750000000, 24.5504302978, 23.8402462005, Fault 0x, 23.6374511718
2026-07-24, 15:26:02, 22.3986358642, 22.3021850585, 22.3986358642, 22.3986358642, 22.7500000000, 22.8125000000, 22.6875000000, 22.3750000000, 24.5504302978, 23.8402462005, Fault 0x, 23.6035861968
2026-07-24, 15:26:04, 22.3986358642, 22.3021850585, 22.3986358642, 22.3986358642, 22.7500000000, 22.8125000000, 22.6875000000, 22.3750000000, 24.5504302978, 23.8402462005, Fault 0x, 23.6035861968
2026-07-24, 15:26:06, 22.3986358642, 22.3021850585, 22.3986358642, 22.3986358642, 22.8125000000, 22.8125000000, 22.6250000000, 22.3750000000, 24.5504302978, 23.8402462005, Fault 0x, 23.6035861968
2026-07-24, 15:26:07, 22.3986358642, 22.3021850585, 22.3986358642, 22.3986358642, 22.7500000000, 22.8125000000, 22.6875000000, 22.3750000000, 24.5165634155, 23.8402462005, Fault 0x, 23.6035861968
2026-07-24, 15:26:09, 22.3986358642, 22.3021850585, 22.3986358642, 22.3986358642, 22.7500000000, 22.8125000000, 22.6875000000, 22.3750000000, 24.5165634155, 23.8402462005, Fault 0x, 23.6035861968
2026-07-24, 15:26:11, 22.3986358642, 22.3021850585, 22.3986358642, 22.3986358642, 22.8125000000, 22.8750000000, 22.6250000000, 22.3750000000, 24.5165634155, 23.8402462005, Fault 0x, 23.6035861968
2026-07-24, 15:26:13, 22.3986358642, 22.3021850585, 22.3986358642, 22.3986358642, 22.8125000000, 22.8750000000, 22.6875000000, 22.3750000000, 24.5165634155, 23.8402462005, Fault 0x, 23.6035861968
2026-07-24, 15:26:15, 22.3986358642, 22.3021850585, 22.3986358642, 22.3986358642, 22.7500000000, 22.8750000000, 22.6875000000, 22.3750000000, 24.5165634155, 23.8402462005, Fault 0x, 23.6374511718
2026-07-24, 15:26:16, 22.3986358642, 22.3021850585, 22.3986358642, 22.3986358642, 22.7500000000, 22.8125000000, 22.6875000000, 22.3750000000, 24.5165634155, 23.8402462005, Fault 0x, 23.6035861968
2026-07-24, 15:26:18, 22.3986358642, 22.3021850585, 22.3986358642, 22.3986358642, 22.7500000000, 22.8750000000, 22.6250000000, 22.3750000000, 24.5165634155, 23.8402462005, Fault 0x, 23.6374511718
2026-07-24, 15:26:20, 22.3986358642, 22.3021850585, 22.3986358642, 22.3986358642, 22.7500000000, 22.8750000000, 22.6875000000, 22.3750000000, 24.5165634155, 23.8402462005, Fault 0x, 23.6374511718
2026-07-24, 15:26:22, 22.3986358642, 22.3021850585, 22.3986358642, 22.3986358642, 22.7500000000, 22.8750000000, 22.6875000000, 22.3750000000, 24.5504302978, 23.8063793182, Fault 0x, 23.5697193145
2026-07-24, 15:26:23, 22.3986358642, 22.3021850585, 22.3986358642, 22.3986358642, 22.7500000000, 22.8750000000, 22.6250000000, 22.3750000000, 24.5165634155, 23.8063793182, Fault 0x, 23.6035861968
2026-07-24, 15:26:25, 22.3986358642, 22.3021850585, 22.3986358642, 22.3986358642, 22.8125000000, 22.8750000000, 22.6250000000, 22.3750000000, 24.5504302978, 23.8402462005, Fault 0x, 23.6035861968
2026-07-24, 15:26:27, 22.3986358642, 22.3021850585, 22.3986358642, 22.3986358642, 22.7500000000, 22.8125000000, 22.6250000000, 22.3750000000, 24.5504302978, 23.8402462005, Fault 0x, 23.6035861968
2026-07-24, 15:26:29, 22.3986358642, 22.3021850585, 22.3986358642, 22.3986358642, 22.7500000000, 22.8750000000, 22.6875000000, 22.3750000000, 24.5504302978, 23.8402462005, Fault 0x, 23.6035861968
2026-07-24, 15:26:30, 22.3986358642, 22.3021850585, 22.3986358642, 22.3986358642, 22.7500000000, 22.8125000000, 22.6250000000, 22.3750000000, 24.5504302978, 23.8063793182, Fault 0x, 23.6035861968
2026-07-24, 15:26:32, 22.3986358642, 22.3021850585, 22.3986358642, 22.3986358642, 22.7500000000, 22.8125000000, 22.6875000000, 22.3750000000, 24.5504302978, 23.8063793182, Fault 0x, 23.6035861968
2026-07-24, 15:26:34, 22.3986358642, 22.3021850585, 22.3986358642, 22.3986358642, 22.7500000000, 22.8125000000, 22.6250000000, 22.3750000000, 24.5504302978, 23.8063793182, Fault 0x, 23.6035861968
2026-07-24, 15:26:36, 22.3986358642, 22.3021850585, 22.3986358642, 22.3986358642, 22.8125000000, 22.8125000000, 22.6875000000, 22.3750000000, 24.5504302978, 23.8063793182, Fault 0x, 23.6035861968
2026-07-24, 15:26:38, 22.3986358642, 22.3021850585, 22.3986358642, 22.3986358642, 22.8125000000, 22.8125000000, 22.6875000000, 22.3750000000, 24.5504302978, 23.8063793182, Fault 0x, 23.5697193145
2026-07-24, 15:26:39, 22.3986358642, 22.3021850585, 22.3986358642, 22.3986358642, 22.7500000000, 22.8125000000, 22.6875000000, 22.3750000000, 24.5504302978, 23.8063793182, Fault 0x, 23.5697193145
2026-07-24, 15:26:41, 22.3986358642, 22.3021850585, 22.3986358642, 22.3986358642, 22.8125000000, 22.8125000000, 22.6250000000, 22.3750000000, 24.5165634155, 23.8063793182, Fault 0x, 23.6035861968
2026-07-24, 15:26:43, 22.3986358642, 22.3021850585, 22.3986358642, 22.3986358642, 22.8125000000, 22.8125000000, 22.6875000000, 22.3750000000, 24.5504302978, 23.8063793182, Fault 0x, 23.5697193145
2026-07-24, 15:26:45, 22.3986358642, 22.3021850585, 22.3986358642, 22.3986358642, 22.8125000000, 22.8125000000, 22.6875000000, 22.3750000000, 24.5165634155, 23.8063793182, Fault 0x, 23.5697193145
2026-07-24, 15:26:46, 22.3986358642, 22.3021850585, 22.3986358642, 22.3986358642, 22.7500000000, 22.8125000000, 22.6250000000, 22.3750000000, 24.5165634155, 23.7727146148, Fault 0x, 23.5697193145
2026-07-24, 15:26:48, 22.3986358642, 22.3021850585, 22.3986358642, 22.3986358642, 22.7500000000, 22.8125000000, 22.6875000000, 22.3750000000, 24.5165634155, 23.7388496398, Fault 0x, 23.5697193145
2026-07-24, 15:26:50, 22.3986358642, 22.3021850585, 22.3986358642, 22.3986358642, 22.8125000000, 22.8125000000, 22.6875000000, 22.3750000000, 24.5165634155, 23.7727146148, Fault 0x, 23.5697193145
2026-07-24, 15:26:52, 22.3986358642, 22.3021850585, 22.3986358642, 22.3986358642, 22.8125000000, 22.8750000000, 22.6875000000, 22.3750000000, 24.5165634155, 23.7727146148, Fault 0x, 23.6035861968
2026-07-24, 15:26:54, 22.3986358642, 22.3021850585, 22.3986358642, 22.3986358642, 22.7500000000, 22.8125000000, 22.6875000000, 22.3750000000, 24.5165634155, 23.7388496398, Fault 0x, 23.5697193145
2026-07-24, 15:26:55, 22.3986358642, 22.3021850585, 22.3986358642, 22.3986358642, 22.7500000000, 22.8125000000, 22.6875000000, 22.3750000000, 24.5504302978, 23.7727146148, Fault 0x, 23.5697193145
2026-07-24, 15:26:57, 22.3986358642, 22.3021850585, 22.3986358642, 22.3986358642, 22.8125000000, 22.8750000000, 22.6875000000, 22.3750000000, 24.5165634155, 23.7727146148, Fault 0x, 23.5697193145
2026-07-24, 15:26:59, 22.3986358642, 22.3021850585, 22.3986358642, 22.3986358642, 22.7500000000, 22.8125000000, 22.6875000000, 22.3750000000, 24.5165634155, 23.7727146148, Fault 0x, 23.5697193145
2026-07-24, 15:27:01, 22.3986358642, 22.3021850585, 22.3986358642, 22.3986358642, 22.8125000000, 22.8750000000, 22.6875000000, 22.3750000000, 24.5165634155, 23.7727146148, Fault 0x, 23.5697193145
2026-07-24, 15:27:02, 22.3986358642, 22.3021850585, 22.3986358642, 22.3986358642, 22.7500000000, 22.8750000000, 22.6875000000, 22.3750000000, 24.4828987121, 23.7388496398, Fault 0x, 23.5360546112
2026-07-24, 15:27:04, 22.3986358642, 22.3021850585, 22.3986358642, 22.3986358642, 22.7500000000, 22.8125000000, 22.6250000000, 22.3750000000, 24.4828987121, 23.7388496398, Fault 0x, 23.5697193145
2026-07-24, 15:27:06, 22.3986358642, 22.3021850585, 22.3986358642, 22.3986358642, 22.7500000000, 22.8750000000, 22.6875000000, 22.3750000000, 24.4828987121, 23.7049827575, Fault 0x, 23.5697193145
2026-07-24, 15:27:08, 22.3986358642, 22.3021850585, 22.3986358642, 22.3986358642, 22.7500000000, 22.8125000000, 22.6875000000, 22.3750000000, 24.4828987121, 23.7388496398, Fault 0x, 23.5697193145
2026-07-24, 15:27:10, 22.3986358642, 22.3021850585, 22.3986358642, 22.3986358642, 22.7500000000, 22.8125000000, 22.6250000000, 22.3750000000, 24.4490337371, 23.7049827575, Fault 0x, 23.5360546112
2026-07-24, 15:27:11, 22.3986358642, 22.3021850585, 22.3986358642, 22.3986358642, 22.8125000000, 22.8125000000, 22.6875000000, 22.3750000000, 24.4490337371, 23.7388496398, Fault 0x, 23.5360546112
2026-07-24, 15:27:13, 22.3986358642, 22.3021850585, 22.3986358642, 22.3986358642, 22.7500000000, 22.8125000000, 22.6250000000, 22.3750000000, 24.4828987121, 23.7388496398, Fault 0x, 23.5697193145
2026-07-24, 15:27:15, 22.3986358642, 22.3021850585, 22.3986358642, 22.3986358642, 22.7500000000, 22.8750000000, 22.6875000000, 22.3750000000, 24.4490337371, 23.7388496398, Fault 0x, 23.5697193145
2026-07-24, 15:27:17, 22.3986358642, 22.3021850585, 22.3986358642, 22.3986358642, 22.7500000000, 22.8750000000, 22.6875000000, 22.3750000000, 24.4490337371, 23.7388496398, Fault 0x, 23.5360546112
2026-07-24, 15:27:18, 22.3986358642, 22.3021850585, 22.3986358642, 22.3986358642, 22.8125000000, 22.8750000000, 22.6250000000, 22.3750000000, 24.4490337371, 23.7388496398, Fault 0x, 23.5697193145
2026-07-24, 15:27:20, 22.3986358642, 22.3021850585, 22.3986358642, 22.3986358642, 22.7500000000, 22.8750000000, 22.6250000000, 22.4375000000, 24.4490337371, 23.7388496398, Fault 0x, 23.5697193145
2026-07-24, 15:27:22, 22.3986358642, 22.3021850585, 22.3986358642, 22.3986358642, 22.7500000000, 22.8750000000, 22.6875000000, 22.3750000000, 24.4490337371, 23.7388496398, Fault 0x, 23.5360546112
2026-07-24, 15:27:24, 22.3986358642, 22.3021850585, 22.3986358642, 22.3986358642, 22.7500000000, 22.8750000000, 22.6875000000, 22.3750000000, 24.4490337371, 23.7388496398, Fault 0x, 23.5697193145
2026-07-24, 15:27:26, 22.3986358642, 22.3021850585, 22.3986358642, 22.3986358642, 22.7500000000, 22.8750000000, 22.6875000000, 22.3750000000, 24.4490337371, 23.7388496398, Fault 0x, 23.5697193145
2026-07-24, 15:27:27, 22.3986358642, 22.3021850585, 22.3986358642, 22.3986358642, 22.7500000000, 22.8125000000, 22.6250000000, 22.3750000000, 24.4490337371, 23.7388496398, Fault 0x, 23.5360546112
2026-07-24, 15:27:29, 22.3986358642, 22.3986358642, 22.3986358642, 22.3986358642, 22.8125000000, 22.8750000000, 22.6875000000, 22.3750000000, 24.4151668548, 23.7388496398, Fault 0x, 23.5697193145
2026-07-24, 15:27:31, 22.3986358642, 22.3021850585, 22.3986358642, 22.3986358642, 22.8125000000, 22.8750000000, 22.6875000000, 22.4375000000, 24.4151668548, 23.7388496398, Fault 0x, 23.5697193145
2026-07-24, 15:27:33, 22.3986358642, 22.3021850585, 22.3986358642, 22.3986358642, 22.8125000000, 22.8125000000, 22.6250000000, 22.3750000000, 24.4151668548, 23.7388496398, Fault 0x, 23.5697193145
2026-07-24, 15:27:34, 22.3986358642, 22.3021850585, 22.3986358642, 22.3986358642, 22.8125000000, 22.8125000000, 22.6875000000, 22.3750000000, 24.4151668548, 23.7388496398, Fault 0x, 23.5697193145
2026-07-24, 15:27:36, 22.3986358642, 22.3021850585, 22.3986358642, 22.3986358642, 22.7500000000, 22.8125000000, 22.6875000000, 22.3750000000, 24.4490337371, 23.7388496398, Fault 0x, 23.5697193145
2026-07-24, 15:27:38, 22.3986358642, 22.3021850585, 22.3986358642, 22.3986358642, 22.7500000000, 22.8750000000, 22.6875000000, 22.3750000000, 24.4151668548, 23.7049827575, Fault 0x, 23.5697193145
2026-07-24, 15:27:40, 22.3986358642, 22.3021850585, 22.3986358642, 22.3986358642, 22.7500000000, 22.8125000000, 22.6875000000, 22.3750000000, 24.4151668548, 23.7388496398, Fault 0x, 23.5697193145
2026-07-24, 15:27:42, 22.3986358642, 22.3021850585, 22.3986358642, 22.3986358642, 22.7500000000, 22.8125000000, 22.6250000000, 22.3750000000, 24.4490337371, 23.7388496398, Fault 0x, 23.5697193145
2026-07-24, 15:27:43, 22.3986358642, 22.3021850585, 22.3986358642, 22.3986358642, 22.7500000000, 22.8750000000, 22.6250000000, 22.3750000000, 24.4490337371, 23.7388496398, Fault 0x, 23.5697193145
2026-07-24, 15:27:45, 22.3986358642, 22.3021850585, 22.3986358642, 22.3986358642, 22.8125000000, 22.8750000000, 22.6875000000, 22.3750000000, 24.4490337371, 23.7388496398, Fault 0x, 23.6035861968
2026-07-24, 15:27:47, 22.3986358642, 22.3021850585, 22.3986358642, 22.3986358642, 22.7500000000, 22.8125000000, 22.6875000000, 22.3750000000, 24.4151668548, 23.7388496398, Fault 0x, 23.5697193145
2026-07-24, 15:27:49, 22.3986358642, 22.3021850585, 22.3986358642, 22.3986358642, 22.8125000000, 22.8125000000, 22.6875000000, 22.3750000000, 24.4490337371, 23.7388496398, Fault 0x, 23.5697193145
2026-07-24, 15:27:50, 22.3986358642, 22.3021850585, 22.3986358642, 22.3986358642, 22.8125000000, 22.8125000000, 22.6250000000, 22.3750000000, 24.4490337371, 23.7727146148, Fault 0x, 23.6035861968
2026-07-24, 15:27:52, 22.3986358642, 22.3021850585, 22.3986358642, 22.3986358642, 22.8125000000, 22.8750000000, 22.6875000000, 22.3750000000, 24.4828987121, 23.7727146148, Fault 0x, 23.5697193145
2026-07-24, 15:27:54, 22.3986358642, 22.3021850585, 22.3986358642, 22.3986358642, 22.8125000000, 22.8750000000, 22.6250000000, 22.3750000000, 24.4490337371, 23.7727146148, Fault 0x, 23.6035861968
2026-07-24, 15:27:56, 22.3986358642, 22.3021850585, 22.3986358642, 22.3986358642, 22.7500000000, 22.8125000000, 22.6250000000, 22.3750000000, 24.4490337371, 23.7388496398, Fault 0x, 23.5697193145
2026-07-24, 15:27:58, 22.3986358642, 22.3021850585, 22.3986358642, 22.3986358642, 22.7500000000, 22.8125000000, 22.6875000000, 22.3750000000, 24.4490337371, 23.7727146148, Fault 0x, 23.5697193145
2026-07-24, 15:27:59, 22.3986358642, 22.3021850585, 22.3986358642, 22.3986358642, 22.7500000000, 22.8750000000, 22.6875000000, 22.3750000000, 24.4490337371, 23.7727146148, Fault 0x, 23.6035861968
2026-07-24, 15:28:01, 22.3986358642, 22.3021850585, 22.3986358642, 22.3986358642, 22.7500000000, 22.8125000000, 22.6875000000, 22.3750000000, 24.4490337371, 23.7727146148, Fault 0x, 23.5697193145
2026-07-24, 15:28:03, 22.3986358642, 22.3021850585, 22.3986358642, 22.3986358642, 22.7500000000, 22.8125000000, 22.6250000000, 22.3750000000, 24.4490337371, 23.7727146148, Fault 0x, 23.6035861968
2026-07-24, 15:28:05, 22.3986358642, 22.3021850585, 22.3986358642, 22.3986358642, 22.7500000000, 22.8125000000, 22.6250000000, 22.3750000000, 24.4490337371, 23.7388496398, Fault 0x, 23.6035861968
2026-07-24, 15:28:06, 22.3986358642, 22.3021850585, 22.3986358642, 22.3986358642, 22.7500000000, 22.8750000000, 22.6250000000, 22.3750000000, 24.4828987121, 23.7388496398, Fault 0x, 23.5697193145
2026-07-24, 15:28:08, 22.3986358642, 22.3021850585, 22.3986358642, 22.3986358642, 22.7500000000, 22.8750000000, 22.6875000000, 22.3750000000, 24.4151668548, 23.7727146148, Fault 0x, 23.5697193145
2026-07-24, 15:28:10, 22.3986358642, 22.3021850585, 22.3986358642, 22.3986358642, 22.7500000000, 22.8125000000, 22.6250000000, 22.3750000000, 24.4490337371, 23.7727146148, Fault 0x, 23.5697193145
2026-07-24, 15:28:12, 22.3986358642, 22.3021850585, 22.3986358642, 22.3986358642, 22.7500000000, 22.8125000000, 22.6250000000, 22.3750000000, 24.4151668548, 23.7388496398, Fault 0x, 23.5697193145
2026-07-24, 15:28:14, 22.3986358642, 22.3021850585, 22.3986358642, 22.3986358642, 22.8125000000, 22.8750000000, 22.6875000000, 22.3750000000, 24.4151668548, 23.7388496398, Fault 0x, 23.5697193145
2026-07-24, 15:28:15, 22.3986358642, 22.3021850585, 22.3986358642, 22.3986358642, 22.7500000000, 22.8125000000, 22.6250000000, 22.3750000000, 24.4151668548, 23.7388496398, Fault 0x, 23.5697193145
2026-07-24, 15:28:17, 22.3986358642, 22.3021850585, 22.3986358642, 22.3986358642, 22.8125000000, 22.8125000000, 22.6250000000, 22.3750000000, 24.4151668548, 23.7388496398, Fault 0x, 23.5697193145
2026-07-24, 15:28:19, 22.3986358642, 22.3021850585, 22.3986358642, 22.3986358642, 22.7500000000, 22.8125000000, 22.6875000000, 22.3750000000, 24.4151668548, 23.7388496398, Fault 0x, 23.5697193145
2026-07-24, 15:28:21, 22.3986358642, 22.3021850585, 22.3986358642, 22.3986358642, 22.7500000000, 22.8125000000, 22.6250000000, 22.3750000000, 24.4151668548, 23.7388496398, Fault 0x, 23.5697193145
2026-07-24, 15:28:22, 22.3986358642, 22.3021850585, 22.3986358642, 22.3986358642, 22.8125000000, 22.8750000000, 22.6875000000, 22.3750000000, 24.3812999725, 23.7388496398, Fault 0x, 23.5697193145
2026-07-24, 15:28:24, 22.3986358642, 22.3021850585, 22.3986358642, 22.3986358642, 22.7500000000, 22.8125000000, 22.6250000000, 22.3750000000, 24.4151668548, 23.7388496398, Fault 0x, 23.5360546112
2026-07-24, 15:28:26, 22.3986358642, 22.3021850585, 22.3986358642, 22.3986358642, 22.7500000000, 22.8125000000, 22.6250000000, 22.3750000000, 24.4151668548, 23.7388496398, Fault 0x, 23.5697193145
2026-07-24, 15:28:28, 22.3986358642, 22.3021850585, 22.3986358642, 22.3021850585, 22.7500000000, 22.8125000000, 22.6250000000, 22.3750000000, 24.4151668548, 23.7049827575, Fault 0x, 23.5360546112
2026-07-24, 15:28:29, 22.3986358642, 22.3021850585, 22.3986358642, 22.3021850585, 22.8125000000, 22.8125000000, 22.6250000000, 22.3750000000, 24.4151668548, 23.7049827575, Fault 0x, 23.5697193145
2026-07-24, 15:28:31, 22.3986358642, 22.3021850585, 22.3986358642, 22.3986358642, 22.7500000000, 22.8125000000, 22.6250000000, 22.3750000000, 24.4151668548, 23.7388496398, Fault 0x, 23.5360546112
2026-07-24, 15:28:33, 22.3986358642, 22.3021850585, 22.3986358642, 22.3986358642, 22.7500000000, 22.8125000000, 22.6250000000, 22.3750000000, 24.4151668548, 23.7388496398, Fault 0x, 23.5360546112
2026-07-24, 15:28:35, 22.3986358642, 22.3021850585, 22.3986358642, 22.3986358642, 22.7500000000, 22.8125000000, 22.6250000000, 22.3750000000, 24.4151668548, 23.7388496398, Fault 0x, 23.5360546112
2026-07-24, 15:28:37, 22.3986358642, 22.3021850585, 22.3986358642, 22.3986358642, 22.7500000000, 22.8125000000, 22.6250000000, 22.3750000000, 24.4151668548, 23.7388496398, Fault 0x, 23.5360546112
2026-07-24, 15:28:38, 22.3986358642, 22.3021850585, 22.3986358642, 22.3986358642, 22.7500000000, 22.8125000000, 22.6250000000, 22.3750000000, 24.4151668548, 23.7388496398, Fault 0x, 23.5360546112
2026-07-24, 15:28:40, 22.3986358642, 22.3021850585, 22.3986358642, 22.3986358642, 22.7500000000, 22.8125000000, 22.6250000000, 22.3750000000, 24.4151668548, 23.7049827575, Fault 0x, 23.5360546112
2026-07-24, 15:28:42, 22.3986358642, 22.3021850585, 22.3986358642, 22.3986358642, 22.7500000000, 22.8125000000, 22.6250000000, 22.3750000000, 24.4151668548, 23.7049827575, Fault 0x, 23.5360546112
2026-07-24, 15:28:44, 22.3986358642, 22.3021850585, 22.3986358642, 22.3986358642, 22.6875000000, 22.8125000000, 22.6250000000, 22.3750000000, 24.3812999725, 23.7049827575, Fault 0x, 23.5360546112
2026-07-24, 15:28:45, 22.3021850585, 22.3021850585, 22.3986358642, 22.3986358642, 22.6875000000, 22.7500000000, 22.6250000000, 22.3750000000, 24.4151668548, 23.7388496398, Fault 0x, 23.5360546112
2026-07-24, 15:28:47, 22.3986358642, 22.3021850585, 22.3986358642, 22.3986358642, 22.7500000000, 22.8125000000, 22.6250000000, 22.3750000000, 24.4151668548, 23.7049827575, Fault 0x, 23.5360546112
2026-07-24, 15:28:49, 22.3986358642, 22.3021850585, 22.3986358642, 22.3986358642, 22.7500000000, 22.8125000000, 22.6250000000, 22.3750000000, 24.4151668548, 23.7049827575, Fault 0x, 23.5360546112
2026-07-24, 15:28:51, 22.3986358642, 22.3021850585, 22.3986358642, 22.3986358642, 22.6875000000, 22.7500000000, 22.6250000000, 22.3750000000, 24.4151668548, 23.7049827575, Fault 0x, 23.5021877288
2026-07-24, 15:28:53, 22.3986358642, 22.3021850585, 22.3986358642, 22.3986358642, 22.6875000000, 22.7500000000, 22.6250000000, 22.4375000000, 24.4151668548, 23.7388496398, Fault 0x, 23.5360546112
2026-07-24, 15:28:54, 22.3021850585, 22.3021850585, 22.3986358642, 22.3986358642, 22.6875000000, 22.8125000000, 22.5625000000, 22.4375000000, 24.3812999725, 23.7388496398, Fault 0x, 23.5360546112
2026-07-24, 15:28:56, 22.3986358642, 22.3021850585, 22.3986358642, 22.3986358642, 22.7500000000, 22.8125000000, 22.6250000000, 22.3750000000, 24.4151668548, 23.7388496398, Fault 0x, 23.5697193145
2026-07-24, 15:28:58, 22.3986358642, 22.3021850585, 22.3986358642, 22.3986358642, 22.6875000000, 22.8125000000, 22.6250000000, 22.3750000000, 24.4151668548, 23.7388496398, Fault 0x, 23.5360546112
2026-07-24, 15:29:00, 22.3986358642, 22.3021850585, 22.3986358642, 22.3986358642, 22.7500000000, 22.8125000000, 22.6875000000, 22.3750000000, 24.4151668548, 23.7388496398, Fault 0x, 23.5697193145
2026-07-24, 15:29:01, 22.3986358642, 22.3021850585, 22.3986358642, 22.3986358642, 22.7500000000, 22.8125000000, 22.6250000000, 22.3750000000, 24.4151668548, 23.7388496398, Fault 0x, 23.5697193145
2026-07-24, 15:29:03, 22.3986358642, 22.3021850585, 22.3986358642, 22.3986358642, 22.7500000000, 22.8125000000, 22.6250000000, 22.3750000000, 24.4151668548, 23.7388496398, Fault 0x, 23.5697193145
2026-07-24, 15:29:05, 22.3986358642, 22.3021850585, 22.3986358642, 22.3986358642, 22.7500000000, 22.8125000000, 22.6250000000, 22.4375000000, 24.4490337371, 23.7388496398, Fault 0x, 23.5360546112
2026-07-24, 15:29:07, 22.3986358642, 22.3021850585, 22.3986358642, 22.3986358642, 22.6875000000, 22.8125000000, 22.6250000000, 22.3750000000, 24.4151668548, 23.7388496398, Fault 0x, 23.5697193145
2026-07-24, 15:29:09, 22.3986358642, 22.3021850585, 22.3986358642, 22.3986358642, 22.6875000000, 22.8125000000, 22.6250000000, 22.3750000000, 24.4151668548, 23.7388496398, Fault 0x, 23.5697193145
2026-07-24, 15:29:10, 22.3986358642, 22.3021850585, 22.3986358642, 22.3986358642, 22.6875000000, 22.8125000000, 22.6250000000, 22.3750000000, 24.4151668548, 23.7388496398, Fault 0x, 23.5697193145
2026-07-24, 15:29:12, 22.3986358642, 22.3021850585, 22.3986358642, 22.3986358642, 22.7500000000, 22.8750000000, 22.6250000000, 22.3750000000, 24.4151668548, 23.7727146148, Fault 0x, 23.5697193145
2026-07-24, 15:29:14, 22.3986358642, 22.3021850585, 22.3986358642, 22.3986358642, 22.6875000000, 22.8125000000, 22.6250000000, 22.3750000000, 24.3812999725, 23.7388496398, Fault 0x, 23.5697193145
2026-07-24, 15:29:16, 22.3986358642, 22.3021850585, 22.3986358642, 22.3021850585, 22.6875000000, 22.7500000000, 22.6875000000, 22.3750000000, 24.3812999725, 23.7388496398, Fault 0x, 23.5697193145
2026-07-24, 15:29:17, 22.3986358642, 22.3021850585, 22.3986358642, 22.3021850585, 22.6875000000, 22.7500000000, 22.6250000000, 22.3750000000, 24.3812999725, 23.7388496398, Fault 0x, 23.5360546112
2026-07-24, 15:29:19, 22.3021850585, 22.3021850585, 22.3986358642, 22.3021850585, 22.6875000000, 22.7500000000, 22.6250000000, 22.3750000000, 24.4151668548, 23.7388496398, Fault 0x, 23.5697193145
2026-07-24, 15:29:21, 22.3986358642, 22.3021850585, 22.3986358642, 22.3021850585, 22.6875000000, 22.7500000000, 22.6250000000, 22.3750000000, 24.4151668548, 23.7049827575, Fault 0x, 23.5360546112
2026-07-24, 15:29:23, 22.3021850585, 22.3021850585, 22.3986358642, 22.3021850585, 22.6875000000, 22.8125000000, 22.6250000000, 22.3750000000, 24.3812999725, 23.7049827575, Fault 0x, 23.5360546112
2026-07-24, 15:29:25, 22.3021850585, 22.3021850585, 22.3021850585, 22.3021850585, 22.6875000000, 22.8125000000, 22.6250000000, 22.3750000000, 24.3812999725, 23.7049827575, Fault 0x, 23.5360546112
2026-07-24, 15:29:26, 22.3021850585, 22.3021850585, 22.3986358642, 22.3021850585, 22.6875000000, 22.8125000000, 22.5625000000, 22.3750000000, 24.3812999725, 23.7049827575, Fault 0x, 23.5021877288
2026-07-24, 15:29:28, 22.3021850585, 22.2057647705, 22.3021850585, 22.3021850585, 22.6875000000, 22.7500000000, 22.6250000000, 22.3750000000, 24.4151668548, 23.7049827575, Fault 0x, 23.5360546112
2026-07-24, 15:29:30, 22.3021850585, 22.2057647705, 22.3021850585, 22.3021850585, 22.7500000000, 22.7500000000, 22.5625000000, 22.3750000000, 24.4151668548, 23.7388496398, Fault 0x, 23.5021877288
2026-07-24, 15:29:32, 22.3021850585, 22.3021850585, 22.3021850585, 22.3021850585, 22.7500000000, 22.8125000000, 22.6250000000, 22.3750000000, 24.4151668548, 23.7388496398, Fault 0x, 23.5360546112
2026-07-24, 15:29:33, 22.3021850585, 22.3021850585, 22.3021850585, 22.3021850585, 22.7500000000, 22.8125000000, 22.6250000000, 22.3750000000, 24.3812999725, 23.7388496398, Fault 0x, 23.5021877288
2026-07-24, 15:29:35, 22.3021850585, 22.2057647705, 22.3021850585, 22.3021850585, 22.7500000000, 22.7500000000, 22.6250000000, 22.3125000000, 24.4151668548, 23.7049827575, Fault 0x, 23.5021877288
2026-07-24, 15:29:37, 22.3021850585, 22.3021850585, 22.3986358642, 22.3986358642, 22.6875000000, 22.7500000000, 22.6250000000, 22.3125000000, 24.4151668548, 23.7388496398, Fault 0x, 23.5360546112
2026-07-24, 15:29:39, 22.3021850585, 22.2057647705, 22.3986358642, 22.3021850585, 22.7500000000, 22.7500000000, 22.5625000000, 22.3750000000, 24.3812999725, 23.7049827575, Fault 0x, 23.5021877288
2026-07-24, 15:29:41, 22.3021850585, 22.3021850585, 22.3986358642, 22.3021850585, 22.7500000000, 22.7500000000, 22.6250000000, 22.3750000000, 24.4151668548, 23.7049827575, Fault 0x, 23.5360546112
2026-07-24, 15:29:42, 22.3021850585, 22.2057647705, 22.3986358642, 22.3021850585, 22.7500000000, 22.7500000000, 22.6250000000, 22.3125000000, 24.4151668548, 23.7388496398, Fault 0x, 23.5021877288
2026-07-24, 15:29:44, 22.3021850585, 22.2057647705, 22.3986358642, 22.3021850585, 22.6875000000, 22.7500000000, 22.6250000000, 22.3125000000, 24.4151668548, 23.7388496398, Fault 0x, 23.5360546112
2026-07-24, 15:29:46, 22.3021850585, 22.2057647705, 22.3986358642, 22.3021850585, 22.7500000000, 22.7500000000, 22.6250000000, 22.3125000000, 24.4151668548, 23.7388496398, Fault 0x, 23.5360546112
2026-07-24, 15:29:48, 22.3021850585, 22.2057647705, 22.3986358642, 22.3021850585, 22.7500000000, 22.7500000000, 22.6250000000, 22.3750000000, 24.4151668548, 23.7388496398, Fault 0x, 23.5360546112
2026-07-24, 15:29:49, 22.3021850585, 22.2057647705, 22.3986358642, 22.3021850585, 22.6875000000, 22.7500000000, 22.6250000000, 22.3125000000, 24.4151668548, 23.7388496398, Fault 0x, 23.5360546112
2026-07-24, 15:29:51, 22.3021850585, 22.2057647705, 22.3986358642, 22.3021850585, 22.7500000000, 22.8125000000, 22.6250000000, 22.3750000000, 24.4151668548, 23.7388496398, Fault 0x, 23.5360546112
2026-07-24, 15:29:53, 22.3021850585, 22.2057647705, 22.3986358642, 22.3021850585, 22.7500000000, 22.7500000000, 22.6250000000, 22.3750000000, 24.4151668548, 23.7388496398, Fault 0x, 23.5360546112
2026-07-24, 15:29:55, 22.3021850585, 22.2057647705, 22.3986358642, 22.3986358642, 22.7500000000, 22.7500000000, 22.6250000000, 22.3125000000, 24.4151668548, 23.7388496398, Fault 0x, 23.5360546112
2026-07-24, 15:29:57, 22.3021850585, 22.2057647705, 22.3986358642, 22.3986358642, 22.7500000000, 22.7500000000, 22.6250000000, 22.3125000000, 24.4151668548, 23.7388496398, Fault 0x, 23.5360546112
2026-07-24, 15:29:58, 22.3021850585, 22.2057647705, 22.3986358642, 22.3986358642, 22.7500000000, 22.7500000000, 22.5625000000, 22.3750000000, 24.4151668548, 23.7388496398, Fault 0x, 23.5697193145
2026-07-24, 15:30:00, 22.3986358642, 22.2057647705, 22.3986358642, 22.3021850585, 22.7500000000, 22.8125000000, 22.6250000000, 22.3125000000, 24.4151668548, 23.7388496398, Fault 0x, 23.5360546112
2026-07-24, 15:30:02, 22.3986358642, 22.2057647705, 22.3986358642, 22.3021850585, 22.7500000000, 22.7500000000, 22.6250000000, 22.3125000000, 24.4151668548, 23.7727146148, Fault 0x, 23.5697193145
2026-07-24, 15:30:04, 22.3986358642, 22.2057647705, 22.3986358642, 22.3021850585, 22.7500000000, 22.8125000000, 22.6250000000, 22.3125000000, 24.4151668548, 23.7388496398, Fault 0x, 23.5360546112
2026-07-24, 15:30:05, 22.3021850585, 22.3021850585, 22.3986358642, 22.3986358642, 22.6875000000, 22.8125000000, 22.6250000000, 22.3750000000, 24.4151668548, 23.7727146148, Fault 0x, 23.5697193145
2026-07-24, 15:30:07, 22.3021850585, 22.2057647705, 22.3986358642, 22.3021850585, 22.7500000000, 22.7500000000, 22.6250000000, 22.3750000000, 24.4151668548, 23.7388496398, Fault 0x, 23.5697193145
2026-07-24, 15:30:09, 22.3021850585, 22.2057647705, 22.3986358642, 22.3986358642, 22.7500000000, 22.7500000000, 22.6250000000, 22.3750000000, 24.3812999725, 23.7388496398, Fault 0x, 23.6035861968
2026-07-24, 15:30:11, 22.3021850585, 22.2057647705, 22.3986358642, 22.3986358642, 22.6875000000, 22.8125000000, 22.6250000000, 22.3125000000, 24.4151668548, 23.7388496398, Fault 0x, 23.5360546112
2026-07-24, 15:30:13, 22.3021850585, 22.2057647705, 22.3986358642, 22.3021850585, 22.6875000000, 22.7500000000, 22.5625000000, 22.3750000000, 24.4151668548, 23.7388496398, Fault 0x, 23.5697193145
2026-07-24, 15:30:14, 22.3021850585, 22.2057647705, 22.3021850585, 22.3021850585, 22.6875000000, 22.7500000000, 22.5625000000, 22.3125000000, 24.4151668548, 23.7388496398, Fault 0x, 23.5360546112
2026-07-24, 15:30:16, 22.3021850585, 22.2057647705, 22.3021850585, 22.3986358642, 22.6875000000, 22.8125000000, 22.6250000000, 22.3125000000, 24.4490337371, 23.7727146148, Fault 0x, 23.5360546112
2026-07-24, 15:30:18, 22.3021850585, 22.2057647705, 22.3986358642, 22.3986358642, 22.6875000000, 22.7500000000, 22.5625000000, 22.3125000000, 24.4151668548, 23.7388496398, Fault 0x, 23.5360546112
2026-07-24, 15:30:20, 22.3021850585, 22.2057647705, 22.3021850585, 22.3986358642, 22.6875000000, 22.8125000000, 22.6250000000, 22.3125000000, 24.4151668548, 23.7049827575, Fault 0x, 23.5021877288
2026-07-24, 15:30:21, 22.3021850585, 22.2057647705, 22.3986358642, 22.3986358642, 22.6875000000, 22.8125000000, 22.5625000000, 22.3125000000, 24.4490337371, 23.7388496398, Fault 0x, 23.5360546112
2026-07-24, 15:30:23, 22.3021850585, 22.2057647705, 22.3021850585, 22.3021850585, 22.6875000000, 22.7500000000, 22.6250000000, 22.3125000000, 24.4151668548, 23.7388496398, Fault 0x, 23.5021877288
2026-07-24, 15:30:25, 22.3021850585, 22.2057647705, 22.3021850585, 22.3021850585, 22.6875000000, 22.8125000000, 22.5625000000, 22.3125000000, 24.4151668548, 23.7049827575, Fault 0x, 23.5021877288
2026-07-24, 15:30:27, 22.3021850585, 22.2057647705, 22.3986358642, 22.3021850585, 22.6875000000, 22.7500000000, 22.5625000000, 22.3125000000, 24.4490337371, 23.7388496398, Fault 0x, 23.5360546112
2026-07-24, 15:30:28, 22.3021850585, 22.2057647705, 22.3986358642, 22.3021850585, 22.6875000000, 22.7500000000, 22.5625000000, 22.3125000000, 24.4151668548, 23.7388496398, Fault 0x, 23.5021877288
2026-07-24, 15:30:30, 22.3021850585, 22.2057647705, 22.3021850585, 22.3021850585, 22.6875000000, 22.8125000000, 22.5625000000, 22.3750000000, 24.4490337371, 23.7388496398, Fault 0x, 23.5360546112
2026-07-24, 15:30:32, 22.3021850585, 22.2057647705, 22.3021850585, 22.3986358642, 22.6875000000, 22.8125000000, 22.5625000000, 22.3750000000, 24.4490337371, 23.7388496398, Fault 0x, 23.5021877288
2026-07-24, 15:30:34, 22.3021850585, 22.2057647705, 22.3021850585, 22.3021850585, 22.6875000000, 22.7500000000, 22.6250000000, 22.3750000000, 24.4490337371, 23.7388496398, Fault 0x, 23.5360546112
2026-07-24, 15:30:36, 22.3021850585, 22.2057647705, 22.3021850585, 22.3986358642, 22.6875000000, 22.7500000000, 22.5625000000, 22.3750000000, 24.4490337371, 23.7388496398, Fault 0x, 23.5360546112
2026-07-24, 15:30:37, 22.3021850585, 22.2057647705, 22.3021850585, 22.3986358642, 22.6875000000, 22.7500000000, 22.5625000000, 22.3125000000, 24.4490337371, 23.7727146148, Fault 0x, 23.5360546112
2026-07-24, 15:30:39, 22.3021850585, 22.2057647705, 22.3021850585, 22.3021850585, 22.6875000000, 22.8125000000, 22.6250000000, 22.3125000000, 24.4828987121, 23.7388496398, Fault 0x, 23.5360546112
2026-07-24, 15:30:41, 22.3021850585, 22.2057647705, 22.3021850585, 22.3021850585, 22.6875000000, 22.8125000000, 22.5625000000, 22.3125000000, 24.4828987121, 23.7388496398, Fault 0x, 23.5021877288
2026-07-24, 15:30:43, 22.3021850585, 22.2057647705, 22.3021850585, 22.3021850585, 22.7500000000, 22.7500000000, 22.5625000000, 22.3750000000, 24.4828987121, 23.7388496398, Fault 0x, 23.5360546112
2026-07-24, 15:30:44, 22.3021850585, 22.2057647705, 22.3021850585, 22.3021850585, 22.7500000000, 22.7500000000, 22.5625000000, 22.3125000000, 24.4490337371, 23.7388496398, Fault 0x, 23.5360546112
2026-07-24, 15:30:46, 22.3021850585, 22.2057647705, 22.3021850585, 22.3986358642, 22.7500000000, 22.7500000000, 22.6250000000, 22.3125000000, 24.4828987121, 23.7388496398, Fault 0x, 23.5360546112
2026-07-24, 15:30:48, 22.3021850585, 22.2057647705, 22.3021850585, 22.3986358642, 22.7500000000, 22.7500000000, 22.5625000000, 22.3125000000, 24.4828987121, 23.7388496398, Fault 0x, 23.5360546112
2026-07-24, 15:30:50, 22.3021850585, 22.2057647705, 22.3021850585, 22.3021850585, 22.7500000000, 22.8125000000, 22.5625000000, 22.3750000000, 24.4490337371, 23.7388496398, Fault 0x, 23.5360546112
2026-07-24, 15:30:52, 22.3021850585, 22.2057647705, 22.3021850585, 22.3021850585, 22.7500000000, 22.8125000000, 22.5625000000, 22.3750000000, 24.4828987121, 23.7388496398, Fault 0x, 23.5360546112
2026-07-24, 15:30:53, 22.3021850585, 22.2057647705, 22.3021850585, 22.3021850585, 22.7500000000, 22.7500000000, 22.6250000000, 22.3750000000, 24.5165634155, 23.7388496398, Fault 0x, 23.5360546112
2026-07-24, 15:30:55, 22.3021850585, 22.2057647705, 22.3021850585, 22.3021850585, 22.7500000000, 22.7500000000, 22.5625000000, 22.3125000000, 24.4828987121, 23.7727146148, Fault 0x, 23.5697193145
2026-07-24, 15:30:57, 22.3021850585, 22.2057647705, 22.3021850585, 22.3986358642, 22.7500000000, 22.7500000000, 22.6250000000, 22.3125000000, 24.4828987121, 23.7727146148, Fault 0x, 23.5697193145
2026-07-24, 15:30:59, 22.3021850585, 22.2057647705, 22.3021850585, 22.3986358642, 22.7500000000, 22.8125000000, 22.5625000000, 22.3750000000, 24.5165634155, 23.7388496398, Fault 0x, 23.5697193145
2026-07-24, 15:31:00, 22.3021850585, 22.3021850585, 22.3021850585, 22.3986358642, 22.7500000000, 22.8125000000, 22.6250000000, 22.3750000000, 24.4828987121, 23.8063793182, Fault 0x, 23.5697193145
2026-07-24, 15:31:02, 22.3021850585, 22.3021850585, 22.3021850585, 22.3986358642, 22.7500000000, 22.8125000000, 22.6875000000, 22.3750000000, 24.4828987121, 23.7727146148, Fault 0x, 23.5360546112
2026-07-24, 15:31:04, 22.3021850585, 22.3021850585, 22.3021850585, 22.3986358642, 22.7500000000, 22.8125000000, 22.5625000000, 22.3750000000, 24.5165634155, 23.7727146148, Fault 0x, 23.5697193145
2026-07-24, 15:31:06, 22.3021850585, 22.3021850585, 22.3021850585, 22.3986358642, 22.7500000000, 22.8125000000, 22.6250000000, 22.3750000000, 24.4828987121, 23.8063793182, Fault 0x, 23.6035861968
2026-07-24, 15:31:08, 22.3021850585, 22.3021850585, 22.3021850585, 22.3986358642, 22.7500000000, 22.8125000000, 22.6250000000, 22.3750000000, 24.4828987121, 23.8063793182, Fault 0x, 23.6035861968
2026-07-24, 15:31:09, 22.3021850585, 22.3021850585, 22.3021850585, 22.3986358642, 22.7500000000, 22.8125000000, 22.6250000000, 22.3750000000, 24.4828987121, 23.8063793182, Fault 0x, 23.6035861968
2026-07-24, 15:31:11, 22.3021850585, 22.3021850585, 22.3986358642, 22.3986358642, 22.8125000000, 22.8125000000, 22.6250000000, 22.3750000000, 24.4828987121, 23.8063793182, Fault 0x, 23.6374511718
2026-07-24, 15:31:13, 22.3021850585, 22.3021850585, 22.3021850585, 22.3986358642, 22.6875000000, 22.8125000000, 22.6250000000, 22.3750000000, 24.4828987121, 23.7727146148, Fault 0x, 23.6035861968
2026-07-24, 15:31:15, 22.3986358642, 22.3021850585, 22.3986358642, 22.3986358642, 22.7500000000, 22.8125000000, 22.6250000000, 22.3750000000, 24.4828987121, 23.8402462005, Fault 0x, 23.6035861968
2026-07-24, 15:31:16, 22.3021850585, 22.3021850585, 22.3021850585, 22.3986358642, 22.7500000000, 22.7500000000, 22.6250000000, 22.3750000000, 24.4828987121, 23.8063793182, Fault 0x, 23.6035861968
2026-07-24, 15:31:18, 22.3021850585, 22.3021850585, 22.3986358642, 22.3986358642, 22.7500000000, 22.8125000000, 22.6250000000, 22.3125000000, 24.4828987121, 23.8063793182, Fault 0x, 23.6035861968
2026-07-24, 15:31:20, 22.3986358642, 22.3021850585, 22.3021850585, 22.3986358642, 22.7500000000, 22.7500000000, 22.6250000000, 22.3125000000, 24.4828987121, 23.8402462005, Fault 0x, 23.6035861968
2026-07-24, 15:31:22, 22.3021850585, 22.3021850585, 22.3986358642, 22.3986358642, 22.7500000000, 22.7500000000, 22.6250000000, 22.3750000000, 24.4828987121, 23.8063793182, Fault 0x, 23.6035861968
2026-07-24, 15:31:24, 22.3021850585, 22.3021850585, 22.3986358642, 22.3986358642, 22.7500000000, 22.7500000000, 22.6250000000, 22.3750000000, 24.4490337371, 23.8063793182, Fault 0x, 23.6035861968
2026-07-24, 15:31:25, 22.3021850585, 22.3021850585, 22.3986358642, 22.3986358642, 22.7500000000, 22.7500000000, 22.5625000000, 22.3750000000, 24.4828987121, 23.8063793182, Fault 0x, 23.6035861968
2026-07-24, 15:31:27, 22.3021850585, 22.3021850585, 22.3986358642, 22.3986358642, 22.7500000000, 22.8125000000, 22.6250000000, 22.3750000000, 24.4828987121, 23.8402462005, Fault 0x, 23.6035861968
2026-07-24, 15:31:29, 22.3021850585, 22.3021850585, 22.3986358642, 22.3986358642, 22.7500000000, 22.8125000000, 22.6250000000, 22.3750000000, 24.4828987121, 23.8402462005, Fault 0x, 23.6035861968
2026-07-24, 15:31:31, 22.3021850585, 22.3021850585, 22.3986358642, 22.3986358642, 22.7500000000, 22.8125000000, 22.6250000000, 22.3750000000, 24.4828987121, 23.8063793182, Fault 0x, 23.5697193145
2026-07-24, 15:31:32, 22.3021850585, 22.3021850585, 22.3986358642, 22.3986358642, 22.8125000000, 22.8125000000, 22.5625000000, 22.3750000000, 24.4828987121, 23.8063793182, Fault 0x, 23.6374511718
2026-07-24, 15:31:34, 22.3021850585, 22.3021850585, 22.3986358642, 22.3986358642, 22.7500000000, 22.8125000000, 22.6250000000, 22.3750000000, 24.4828987121, 23.8402462005, Fault 0x, 23.6035861968
2026-07-24, 15:31:36, 22.3021850585, 22.3021850585, 22.3986358642, 22.3986358642, 22.8125000000, 22.7500000000, 22.6250000000, 22.3750000000, 24.5165634155, 23.8402462005, Fault 0x, 23.6035861968
2026-07-24, 15:31:38, 22.3021850585, 22.3021850585, 22.3986358642, 22.3986358642, 22.7500000000, 22.8125000000, 22.6250000000, 22.3750000000, 24.5165634155, 23.8402462005, Fault 0x, 23.6035861968
2026-07-24, 15:31:40, 22.3021850585, 22.3021850585, 22.3986358642, 22.3986358642, 22.7500000000, 22.7500000000, 22.6250000000, 22.3750000000, 24.4828987121, 23.8402462005, Fault 0x, 23.6374511718
2026-07-24, 15:31:41, 22.3986358642, 22.3021850585, 22.3986358642, 22.3986358642, 22.7500000000, 22.7500000000, 22.6250000000, 22.3125000000, 24.4828987121, 23.8063793182, Fault 0x, 23.6374511718
2026-07-24, 15:31:43, 22.3021850585, 22.3021850585, 22.3021850585, 22.3986358642, 22.7500000000, 22.8125000000, 22.6250000000, 22.3125000000, 24.4828987121, 23.8402462005, Fault 0x, 23.6035861968
2026-07-24, 15:31:45, 22.3986358642, 22.3021850585, 22.3986358642, 22.3986358642, 22.7500000000, 22.7500000000, 22.5625000000, 22.3125000000, 24.4828987121, 23.8402462005, Fault 0x, 23.6035861968
2026-07-24, 15:31:47, 22.3986358642, 22.3021850585, 22.3986358642, 22.3986358642, 22.7500000000, 22.8125000000, 22.6250000000, 22.3750000000, 24.4828987121, 23.8402462005, Fault 0x, 23.6374511718
2026-07-24, 15:31:48, 22.3986358642, 22.3021850585, 22.3986358642, 22.3986358642, 22.8125000000, 22.8125000000, 22.6250000000, 22.3750000000, 24.4828987121, 23.8402462005, Fault 0x, 23.6035861968
2026-07-24, 15:31:50, 22.3986358642, 22.3021850585, 22.3986358642, 22.3986358642, 22.7500000000, 22.8125000000, 22.6250000000, 22.3750000000, 24.5165634155, 23.8402462005, Fault 0x, 23.6374511718
2026-07-24, 15:31:52, 22.3986358642, 22.3021850585, 22.3986358642, 22.3986358642, 22.8125000000, 22.8125000000, 22.6250000000, 22.3750000000, 24.5165634155, 23.8402462005, Fault 0x, 23.6713180541
2026-07-24, 15:31:54, 22.3986358642, 22.3021850585, 22.3986358642, 22.3986358642, 22.7500000000, 22.7500000000, 22.6875000000, 22.3125000000, 24.5165634155, 23.8402462005, Fault 0x, 23.6374511718
2026-07-24, 15:31:56, 22.3986358642, 22.3021850585, 22.3986358642, 22.3986358642, 22.7500000000, 22.8125000000, 22.6250000000, 22.3750000000, 24.5165634155, 23.8402462005, Fault 0x, 23.6374511718
2026-07-24, 15:31:57, 22.3986358642, 22.3021850585, 22.3986358642, 22.3986358642, 22.7500000000, 22.8750000000, 22.6250000000, 22.3125000000, 24.5165634155, 23.8402462005, Fault 0x, 23.6374511718
2026-07-24, 15:31:59, 22.3986358642, 22.3021850585, 22.3986358642, 22.3986358642, 22.8125000000, 22.8750000000, 22.5625000000, 22.3750000000, 24.5165634155, 23.8402462005, Fault 0x, 23.6374511718
2026-07-24, 15:32:01, 22.3986358642, 22.3021850585, 22.3986358642, 22.3986358642, 22.7500000000, 22.8125000000, 22.6250000000, 22.3125000000, 24.5165634155, 23.8741130828, Fault 0x, 23.6713180541
2026-07-24, 15:32:03, 22.3986358642, 22.3021850585, 22.3986358642, 22.3986358642, 22.7500000000, 22.8125000000, 22.6250000000, 22.3125000000, 24.5165634155, 23.8741130828, Fault 0x, 23.6374511718
2026-07-24, 15:32:04, 22.3986358642, 22.3021850585, 22.3986358642, 22.3986358642, 22.7500000000, 22.8125000000, 22.6250000000, 22.3125000000, 24.5504302978, 23.8741130828, Fault 0x, 23.6374511718
2026-07-24, 15:32:06, 22.3986358642, 22.3021850585, 22.3986358642, 22.4951324462, 22.7500000000, 22.8125000000, 22.6250000000, 22.3750000000, 24.5504302978, 23.8741130828, Fault 0x, 23.6374511718
2026-07-24, 15:32:08, 22.3021850585, 22.3021850585, 22.3986358642, 22.3986358642, 22.7500000000, 22.8125000000, 22.6250000000, 22.3125000000, 24.5504302978, 23.8741130828, Fault 0x, 23.6374511718
2026-07-24, 15:32:10, 22.3986358642, 22.3021850585, 22.3986358642, 22.4951324462, 22.8125000000, 22.8125000000, 22.6250000000, 22.3125000000, 24.5504302978, 23.8741130828, Fault 0x, 23.6374511718
2026-07-24, 15:32:12, 22.3986358642, 22.3021850585, 22.3986358642, 22.4951324462, 22.8125000000, 22.8125000000, 22.6250000000, 22.3125000000, 24.5504302978, 23.9079780578, Fault 0x, 23.6374511718
2026-07-24, 15:32:13, 22.3986358642, 22.3021850585, 22.3986358642, 22.4951324462, 22.8125000000, 22.8125000000, 22.6250000000, 22.3750000000, 24.5504302978, 23.8741130828, Fault 0x, 23.6374511718
2026-07-24, 15:32:15, 22.3986358642, 22.3021850585, 22.3986358642, 22.4951324462, 22.7500000000, 22.8125000000, 22.6250000000, 22.3125000000, 24.5842971801, 23.8741130828, Fault 0x, 23.6374511718
2026-07-24, 15:32:17, 22.3986358642, 22.3021850585, 22.3986358642, 22.4951324462, 22.7500000000, 22.8125000000, 22.6250000000, 22.3750000000, 24.5842971801, 23.8741130828, Fault 0x, 23.6374511718
2026-07-24, 15:32:19, 22.3986358642, 22.3021850585, 22.3986358642, 22.4951324462, 22.8125000000, 22.8125000000, 22.6250000000, 22.3750000000, 24.5842971801, 23.8741130828, Fault 0x, 23.6374511718
2026-07-24, 15:32:20, 22.3986358642, 22.3021850585, 22.3986358642, 22.4951324462, 22.7500000000, 22.8125000000, 22.6250000000, 22.3750000000, 24.5842971801, 23.8741130828, Fault 0x, 23.6374511718
2026-07-24, 15:32:22, 22.3986358642, 22.3021850585, 22.3986358642, 22.4951324462, 22.8125000000, 22.8125000000, 22.6250000000, 22.3125000000, 24.5504302978, 23.8741130828, Fault 0x, 23.6374511718
2026-07-24, 15:32:24, 22.3986358642, 22.3021850585, 22.3986358642, 22.4951324462, 22.7500000000, 22.8125000000, 22.6250000000, 22.3750000000, 24.5842971801, 23.8741130828, Fault 0x, 23.6713180541
2026-07-24, 15:32:26, 22.3986358642, 22.3021850585, 22.3986358642, 22.4951324462, 22.8125000000, 22.8750000000, 22.6875000000, 22.3750000000, 24.5842971801, 23.9079780578, Fault 0x, 23.6374511718
2026-07-24, 15:32:27, 22.3986358642, 22.3021850585, 22.3986358642, 22.4951324462, 22.7500000000, 22.8125000000, 22.6875000000, 22.3125000000, 24.5842971801, 23.8741130828, Fault 0x, 23.6374511718
2026-07-24, 15:32:29, 22.3986358642, 22.3021850585, 22.3986358642, 22.4951324462, 22.8125000000, 22.8125000000, 22.6250000000, 22.3750000000, 24.5842971801, 23.9079780578, Fault 0x, 23.6374511718
2026-07-24, 15:32:31, 22.3986358642, 22.3021850585, 22.3986358642, 22.4951324462, 22.7500000000, 22.8125000000, 22.6250000000, 22.3750000000, 24.6181621551, 23.9079780578, Fault 0x, 23.6374511718
2026-07-24, 15:32:33, 22.3986358642, 22.3021850585, 22.3986358642, 22.4951324462, 22.8125000000, 22.8125000000, 22.6250000000, 22.3125000000, 24.5842971801, 23.8741130828, Fault 0x, 23.6374511718
2026-07-24, 15:32:35, 22.3986358642, 22.3021850585, 22.3986358642, 22.4951324462, 22.8125000000, 22.8750000000, 22.6250000000, 22.3750000000, 24.5842971801, 23.9079780578, Fault 0x, 23.6374511718
2026-07-24, 15:32:36, 22.3986358642, 22.3021850585, 22.3986358642, 22.4951324462, 22.8125000000, 22.8750000000, 22.6250000000, 22.3750000000, 24.5842971801, 23.8741130828, Fault 0x, 23.6713180541
2026-07-24, 15:32:38, 22.3986358642, 22.3021850585, 22.3986358642, 22.4951324462, 22.8125000000, 22.8125000000, 22.6875000000, 22.3750000000, 24.6181621551, 23.8741130828, Fault 0x, 23.6713180541
2026-07-24, 15:32:40, 22.3986358642, 22.3021850585, 22.3986358642, 22.4951324462, 22.8125000000, 22.8125000000, 22.6875000000, 22.3750000000, 24.6181621551, 23.8741130828, Fault 0x, 23.6374511718
2026-07-24, 15:32:42, 22.3986358642, 22.3021850585, 22.3986358642, 22.4951324462, 22.8125000000, 22.8125000000, 22.6875000000, 22.3750000000, 24.5842971801, 23.8741130828, Fault 0x, 23.6713180541
2026-07-24, 15:32:43, 22.3986358642, 22.3021850585, 22.3986358642, 22.4951324462, 22.8125000000, 22.8125000000, 22.6250000000, 22.3750000000, 24.6181621551, 23.9079780578, Fault 0x, 23.6374511718
2026-07-24, 15:32:45, 22.3986358642, 22.3021850585, 22.3986358642, 22.4951324462, 22.8125000000, 22.8750000000, 22.6250000000, 22.3750000000, 24.6181621551, 23.9079780578, Fault 0x, 23.6713180541
2026-07-24, 15:32:47, 22.3986358642, 22.3021850585, 22.3986358642, 22.4951324462, 22.8125000000, 22.8125000000, 22.6250000000, 22.3750000000, 24.6181621551, 23.8741130828, Fault 0x, 23.6374511718
2026-07-24, 15:32:49, 22.3986358642, 22.3021850585, 22.3986358642, 22.4951324462, 22.8125000000, 22.8125000000, 22.6250000000, 22.3750000000, 24.5842971801, 23.9079780578, Fault 0x, 23.6713180541
2026-07-24, 15:32:51, 22.3986358642, 22.3021850585, 22.3986358642, 22.4951324462, 22.8125000000, 22.8125000000, 22.6875000000, 22.3750000000, 24.5842971801, 23.9079780578, Fault 0x, 23.6713180541
2026-07-24, 15:32:52, 22.3986358642, 22.3021850585, 22.3986358642, 22.4951324462, 22.8125000000, 22.8750000000, 22.6875000000, 22.3750000000, 24.5842971801, 23.9079780578, Fault 0x, 23.7049827575
2026-07-24, 15:32:54, 22.3986358642, 22.3021850585, 22.3986358642, 22.4951324462, 22.8125000000, 22.8125000000, 22.6250000000, 22.3750000000, 24.6181621551, 23.9079780578, Fault 0x, 23.6713180541
2026-07-24, 15:32:56, 22.3986358642, 22.3021850585, 22.3986358642, 22.4951324462, 22.8125000000, 22.8125000000, 22.6875000000, 22.3750000000, 24.5842971801, 23.9416427612, Fault 0x, 23.7049827575
2026-07-24, 15:32:58, 22.3986358642, 22.3986358642, 22.3986358642, 22.4951324462, 22.8125000000, 22.8125000000, 22.6875000000, 22.3750000000, 24.5842971801, 23.9416427612, Fault 0x, 23.7049827575
2026-07-24, 15:32:59, 22.3986358642, 22.3986358642, 22.3986358642, 22.4951324462, 22.8125000000, 22.8750000000, 22.6875000000, 22.3750000000, 24.5842971801, 23.9416427612, Fault 0x, 23.7049827575
2026-07-24, 15:33:01, 22.4951324462, 22.3986358642, 22.4951324462, 22.4951324462, 22.8125000000, 22.8750000000, 22.6875000000, 22.3750000000, 24.5842971801, 23.9416427612, Fault 0x, 23.7049827575
2026-07-24, 15:33:03, 22.4951324462, 22.3986358642, 22.3986358642, 22.4951324462, 22.8125000000, 22.8750000000, 22.6875000000, 22.3750000000, 24.5842971801, 23.9416427612, Fault 0x, 23.7388496398
2026-07-24, 15:33:05, 22.4951324462, 22.3986358642, 22.4951324462, 22.4951324462, 22.8125000000, 22.8750000000, 22.6875000000, 22.3750000000, 24.6181621551, 23.9755096435, Fault 0x, 23.7388496398
2026-07-24, 15:33:07, 22.4951324462, 22.3986358642, 22.3986358642, 22.4951324462, 22.8125000000, 22.8750000000, 22.6875000000, 22.4375000000, 24.6181621551, 23.9416427612, Fault 0x, 23.7388496398
2026-07-24, 15:33:08, 22.4951324462, 22.3986358642, 22.4951324462, 22.4951324462, 22.8125000000, 22.8750000000, 22.6875000000, 22.3750000000, 24.5842971801, 23.9755096435, Fault 0x, 23.7388496398
2026-07-24, 15:33:10, 22.4951324462, 22.3986358642, 22.4951324462, 22.4951324462, 22.8125000000, 22.8750000000, 22.7500000000, 22.3125000000, 24.5842971801, 23.9416427612, Fault 0x, 23.7388496398
2026-07-24, 15:33:12, 22.4951324462, 22.3986358642, 22.4951324462, 22.4951324462, 22.8125000000, 22.8750000000, 22.7500000000, 22.3750000000, 24.5842971801, 23.9755096435, Fault 0x, 23.7388496398
2026-07-24, 15:33:14, 22.4951324462, 22.3986358642, 22.4951324462, 22.4951324462, 22.8125000000, 22.8750000000, 22.6875000000, 22.4375000000, 24.6181621551, 23.9755096435, Fault 0x, 23.7388496398
2026-07-24, 15:33:15, 22.4951324462, 22.3986358642, 22.4951324462, 22.4951324462, 22.8125000000, 22.8125000000, 22.6875000000, 22.3750000000, 24.5842971801, 23.9755096435, Fault 0x, 23.7727146148
2026-07-24, 15:33:17, 22.4951324462, 22.3986358642, 22.4951324462, 22.4951324462, 22.8750000000, 22.8750000000, 22.7500000000, 22.4375000000, 24.6181621551, 23.9755096435, Fault 0x, 23.7727146148
2026-07-24, 15:33:19, 22.4951324462, 22.3986358642, 22.4951324462, 22.4951324462, 22.8125000000, 22.9375000000, 22.7500000000, 22.3750000000, 24.5842971801, 23.9755096435, Fault 0x, 23.8063793182
2026-07-24, 15:33:21, 22.4951324462, 22.3986358642, 22.4951324462, 22.4951324462, 22.8125000000, 22.8125000000, 22.7500000000, 22.3750000000, 24.6181621551, 23.9755096435, Fault 0x, 23.7727146148
2026-07-24, 15:33:23, 22.4951324462, 22.3986358642, 22.4951324462, 22.4951324462, 22.8125000000, 22.8750000000, 22.6875000000, 22.3750000000, 24.6181621551, 23.9755096435, Fault 0x, 23.7727146148
2026-07-24, 15:33:24, 22.4951324462, 22.3986358642, 22.4951324462, 22.4951324462, 22.8125000000, 22.9375000000, 22.6875000000, 22.4375000000, 24.5842971801, 23.9755096435, Fault 0x, 23.8063793182
2026-07-24, 15:33:26, 22.4951324462, 22.3986358642, 22.4951324462, 22.4951324462, 22.8125000000, 22.8750000000, 22.6875000000, 22.3750000000, 24.6181621551, 24.0093765258, Fault 0x, 23.8063793182
2026-07-24, 15:33:28, 22.4951324462, 22.3986358642, 22.4951324462, 22.4951324462, 22.8750000000, 22.9375000000, 22.7500000000, 22.4375000000, 24.6181621551, 23.9755096435, Fault 0x, 23.7727146148
2026-07-24, 15:33:30, 22.4951324462, 22.3986358642, 22.4951324462, 22.4951324462, 22.8750000000, 22.8750000000, 22.7500000000, 22.4375000000, 24.5842971801, 24.0093765258, Fault 0x, 23.7727146148
2026-07-24, 15:33:31, 22.4951324462, 22.3986358642, 22.4951324462, 22.4951324462, 22.8125000000, 22.8750000000, 22.7500000000, 22.4375000000, 24.5842971801, 24.0093765258, Fault 0x, 23.7727146148
2026-07-24, 15:33:33, 22.4951324462, 22.3986358642, 22.4951324462, 22.4951324462, 22.8125000000, 22.8750000000, 22.7500000000, 22.4375000000, 24.6181621551, 23.9755096435, Fault 0x, 23.7727146148
2026-07-24, 15:33:35, 22.4951324462, 22.3986358642, 22.4951324462, 22.4951324462, 22.8750000000, 22.9375000000, 22.7500000000, 22.4375000000, 24.5504302978, 24.0093765258, Fault 0x, 23.7727146148
2026-07-24, 15:33:37, 22.4951324462, 22.3986358642, 22.4951324462, 22.4951324462, 22.8125000000, 22.9375000000, 22.7500000000, 22.4375000000, 24.6181621551, 23.9416427612, Fault 0x, 23.7727146148
2026-07-24, 15:33:39, 22.4951324462, 22.3986358642, 22.4951324462, 22.5916748046, 22.8125000000, 22.9375000000, 22.6875000000, 22.4375000000, 24.6181621551, 23.9755096435, Fault 0x, 23.7727146148
2026-07-24, 15:33:40, 22.4951324462, 22.4951324462, 22.4951324462, 22.5916748046, 22.8125000000, 22.8750000000, 22.7500000000, 22.4375000000, 24.6181621551, 24.0093765258, Fault 0x, 23.8063793182
2026-07-24, 15:33:42, 22.4951324462, 22.4951324462, 22.4951324462, 22.5916748046, 22.8125000000, 22.9375000000, 22.7500000000, 22.4375000000, 24.6181621551, 24.0093765258, Fault 0x, 23.7727146148
2026-07-24, 15:33:44, 22.4951324462, 22.4951324462, 22.4951324462, 22.5916748046, 22.8125000000, 22.9375000000, 22.7500000000, 22.4375000000, 24.6181621551, 24.0432415008, Fault 0x, 23.7727146148
2026-07-24, 15:33:46, 22.4951324462, 22.4951324462, 22.4951324462, 22.5916748046, 22.8125000000, 22.9375000000, 22.7500000000, 22.4375000000, 24.5842971801, 24.0093765258, Fault 0x, 23.8063793182
2026-07-24, 15:33:47, 22.4951324462, 22.4951324462, 22.4951324462, 22.5916748046, 22.8125000000, 22.9375000000, 22.6875000000, 22.3750000000, 24.6181621551, 24.0093765258, Fault 0x, 23.8063793182
2026-07-24, 15:33:49, 22.4951324462, 22.4951324462, 22.5916748046, 22.5916748046, 22.8125000000, 22.9375000000, 22.7500000000, 22.4375000000, 24.5842971801, 23.9755096435, Fault 0x, 23.8063793182
2026-07-24, 15:33:51, 22.4951324462, 22.4951324462, 22.4951324462, 22.5916748046, 22.8750000000, 22.9375000000, 22.7500000000, 22.4375000000, 24.5842971801, 24.0093765258, Fault 0x, 23.8063793182
2026-07-24, 15:33:53, 22.4951324462, 22.4951324462, 22.4951324462, 22.5916748046, 22.8125000000, 22.8750000000, 22.7500000000, 22.4375000000, 24.5842971801, 24.0432415008, Fault 0x, 23.8063793182
2026-07-24, 15:33:55, 22.5916748046, 22.4951324462, 22.5916748046, 22.5916748046, 22.8125000000, 22.9375000000, 22.7500000000, 22.4375000000, 24.6181621551, 24.0432415008, Fault 0x, 23.7727146148
2026-07-24, 15:33:56, 22.5916748046, 22.4951324462, 22.5916748046, 22.5916748046, 22.8125000000, 22.9375000000, 22.7500000000, 22.4375000000, 24.5842971801, 24.0093765258, Fault 0x, 23.8402462005
2026-07-24, 15:33:58, 22.5916748046, 22.4951324462, 22.5916748046, 22.5916748046, 22.8750000000, 22.8750000000, 22.7500000000, 22.4375000000, 24.5842971801, 24.0093765258, Fault 0x, 23.8063793182
2026-07-24, 15:34:00, 22.5916748046, 22.4951324462, 22.5916748046, 22.5916748046, 22.8125000000, 22.8750000000, 22.8125000000, 22.4375000000, 24.5842971801, 24.0432415008, Fault 0x, 23.8063793182
2026-07-24, 15:34:02, 22.5916748046, 22.4951324462, 22.5916748046, 22.5916748046, 22.8750000000, 22.9375000000, 22.7500000000, 22.4375000000, 24.5842971801, 24.0093765258, Fault 0x, 23.8402462005
